id,base_url,label
1,https://kaleijy.com,very_reliable
2,https://www.for9a.com,very_reliable
4,https://www.teachforqatar.org,very_reliable
5,https://qa.boshamlan.com,very_reliable
7,https://ae.linkedin.com,very_reliable
8,https://hub.misk.org.sa,very_reliable
9,https://www.ewdifh.com,very_reliable
12,https://www.qatarenergy.qa,very_reliable
13,https://www.facebook.com,very_reliable
15,https://www.vejthani.com,very_reliable
16,https://capitalhealth.ae,very_reliable
17,https://dpsc.seha.ae,very_reliable
18,https://medicalexpressclinic.info,very_reliable
19,https://hamad.qa,very_reliable
20,https://www.dostor.org,very_reliable
21,https://together.stjude.org,very_reliable
22,https://www.qna.org.qa,very_reliable
23,https://m.facebook.com,very_reliable
24,https://ar-ar.facebook.com,very_reliable
25,https://qatar-lawfirm.com,very_reliable
26,https://shifaegypt.com,very_reliable
27,https://lawfirms-hd.sa,very_reliable
28,https://alkhalej-services.net,very_reliable
29,https://dohahamadairport.com,very_reliable
30,https://visitqatar.com,very_reliable
31,https://sofia.embassy.qa,very_reliable
32,https://translate.google.com,very_reliable
35,https://www.ethiopiavisatravel.com,very_reliable
36,https://u.ae,very_reliable
37,https://sabq.org,very_reliable
41,https://baeynh.com,very_reliable
43,https://www.mecralegal.com,very_reliable
44,https://elitelawyerssa.com,very_reliable
45,https://legaladviceme.com,very_reliable
47,https://bestlawfirmjo.com,very_reliable
49,https://www.propertyfinder.ae,very_reliable
50,https://newsy.elsob7.com,very_reliable
51,https://www.alqabas.com,very_reliable
52,https://www.ewa.bh,very_reliable
55,https://www.buyonline.nestlewaters.bh,very_reliable
56,https://www.qatalum.com,very_reliable
57,https://capsula.sa,very_reliable
58,https://matsda2sh.com,very_reliable
59,https://ar.wikipedia.org,very_reliable
60,https://www.bayut.com,very_reliable
61,https://www.dubizzle.com,very_reliable
62,https://wissal.org,very_reliable
63,https://www.mortgagefinder.ae,very_reliable
64,https://www.propertyfinder.qa,very_reliable
65,https://www.aljazeera.net,very_reliable
66,https://www.damacproperties.com,very_reliable
67,https://fanar.net,very_reliable
68,https://aawsat.com,very_reliable
69,https://qa.dohabank.com,very_reliable
71,https://www.invest.qa,very_reliable
72,https://dammamlawyers.com,very_reliable
74,https://saudi-services.net,very_reliable
75,https://world.elsob7.com,very_reliable
77,https://projects.ksu.edu.sa,very_reliable
78,https://interview-world.net,very_reliable
79,https://mawdoo3.com,very_reliable
80,https://learn.microsoft.com,very_reliable
81,https://fac.ksu.edu.sa,very_reliable
82,https://tayseer.org.sa,very_reliable
83,https://www.oracle.com,very_reliable
84,https://dafater.sa,very_reliable
87,https://www.britishcouncil.qa,very_reliable
88,https://ielts.idp.com,very_reliable
89,https://www.ef.com,very_reliable
90,https://saudiarabia.britishcouncil.org,very_reliable
91,https://www.hotcourses.ae,very_reliable
92,https://www.britishcouncil.ae,very_reliable
93,https://www.britishcouncil.org.eg,very_reliable
94,https://www.britishcouncil.om,very_reliable
96,https://www.winwin.com,very_reliable
97,https://al-sharq.com,very_reliable
98,https://hayya.qa,very_reliable
99,https://kleeji.com,very_reliable
100,https://taqneen.com,very_reliable
101,https://elkhaleej-gates.net,very_reliable
102,https://talabminhadirassia.com,very_reliable
103,https://asharq.com,very_reliable
104,https://family-visit.arbdar.com,very_reliable
105,https://hahiya.com,very_reliable
109,https://new.najiz.sa,very_reliable
112,https://www.qe.com.qa,very_reliable
113,https://help.dari.ae,very_reliable
114,https://sudanembassy.org,very_reliable
115,https://khartoum.embassy.qa,very_reliable
117,https://www.bbc.com,very_reliable
120,https://www.medameek.com,very_reliable
121,https://www.visahq.qa,very_reliable
122,https://rahhal.wego.com,very_reliable
123,https://www.al-madina.com,very_reliable
124,https://www.egyptair.com,very_reliable
125,https://ajel.sa,very_reliable
126,https://www.alakeel.sa,very_reliable
127,https://khalijsah.com,very_reliable
128,https://m.elwatannews.com,very_reliable
129,https://www.absher.sa,very_reliable
130,https://www.sayidaty.net,very_reliable
131,https://www.johnsonsbabyarabia.com,very_reliable
132,https://marsalqatar.qa,very_reliable
133,https://www.cairo24.com,very_reliable
135,https://www.ammonnews.net,very_reliable
136,https://baby.webteb.com,very_reliable
137,https://m.alarab.qa,very_reliable
138,https://www.okaz.com.sa,very_reliable
139,https://www.alhurra.com,very_reliable
140,https://www.novakidschool.com,very_reliable
141,https://al-ain.com,very_reliable
142,https://www.hindawi.org,very_reliable
143,https://binbaz.org.sa,very_reliable
144,https://www.islamweb.net,very_reliable
145,https://binothaimeen.net,very_reliable
146,https://www.ma3lomat.news,very_reliable
147,https://m.sa24.co,very_reliable
148,https://www.almaany.com,very_reliable
154,https://www.mozabintnasser.qa,very_reliable
155,https://www.mozahalmaktoum.com,very_reliable
156,https://www.qib.com.qa,very_reliable
157,https://www.google.com,very_reliable
158,https://www.marefa.org,very_reliable
159,https://arabic.cnn.com,very_reliable
160,https://buenos-aires.embassy.qa,very_reliable
161,https://www.yanba7.com,very_reliable
163,https://www.qsl.qa,very_reliable
164,https://www.goal.com,very_reliable
167,https://ar.mqalat.nl,very_reliable
169,https://www.beinmediagroup.com,very_reliable
170,https://manhom.com,very_reliable
171,https://www.hbku.edu.qa,very_reliable
173,https://nabd.com,very_reliable
174,https://www.the-afc.com,very_reliable
175,https://news.faharas.net,very_reliable
178,https://www.rapiddirect.com,very_reliable
179,https://www.dakar.com,very_reliable
180,https://shashat.me,very_reliable
185,https://aqaed.net,very_reliable
187,https://alqayim.org,very_reliable
189,https://qataribusinessmen.org,very_reliable
190,https://americancenteruae.com,very_reliable
191,https://etbilarabi.com,very_reliable
193,https://www.yollando.com,very_reliable
195,https://www.pampersarabia.com,very_reliable
196,https://www.propertyfinder.eg,very_reliable
197,https://www.cnbcarabia.com,very_reliable
198,https://www.gcc-sg.org,very_reliable
199,https://www.argaam.com,very_reliable
200,https://www.kayak.sa,very_reliable
201,https://www.dar-alifta.org,very_reliable
202,https://support.microsoft.com,very_reliable
203,https://alarabi.qa,very_reliable
204,https://en.wikipedia.org,very_reliable
205,https://www.thesun.co.uk,very_reliable
206,https://www.lusail.com,very_reliable
208,https://libguides.qu.edu.qa,very_reliable
211,https://www.qpa.qa,very_reliable
213,https://cairo.embassy.qa,very_reliable
214,https://tehran.embassy.qa,very_reliable
215,https://visa.directksa.com,very_reliable
217,https://www.dw.com,very_reliable
218,https://www.kooora.com,very_reliable
219,https://egov.sy,very_reliable
220,https://www.qatarairways.com,very_reliable
221,https://www.flyin.com,very_reliable
222,https://daleelalmatarat.com,very_reliable
223,https://www.qatarexec.com.qa,very_reliable
224,https://alarab.qa,very_reliable
225,https://safriaty.com,very_reliable
226,https://www.aviation4arabs.com,very_reliable
229,https://art.kau.edu.sa,very_reliable
231,https://comc.uobaghdad.edu.iq,very_reliable
232,https://www.bts-academy.com,very_reliable
234,https://almashhad.com,very_reliable
235,https://calendar.bh,very_reliable
237,https://ksaevent.com,very_reliable
240,https://www.qnl.qa,very_reliable
242,https://www.dohabookfair.qa,very_reliable
243,https://ar.watchpro.com,very_reliable
244,https://yearsofculture.qa,very_reliable
245,https://alarab.co.uk,very_reliable
246,https://answers.qnl.qa,very_reliable
247,https://www.zenhairshop.com,very_reliable
248,https://tajmeeli.com,very_reliable
249,https://www.hespress.com,very_reliable
250,https://www.makkahnews.sa,very_reliable
251,https://www.independentarabia.com,very_reliable
252,https://www.eremnews.com,very_reliable
253,https://libanswers.qu.edu.qa,very_reliable
254,https://www.univ-chlef.dz,very_reliable
256,https://rahaalabookstore.com,very_reliable
257,https://www.twinkl.co.uk,very_reliable
258,https://wordwall.net,very_reliable
259,https://unsdg.un.org,very_reliable
260,https://ecomanag-uos-edu.com,very_reliable
261,https://auber.journals.ekb.eg,very_reliable
262,https://www.unep.org,very_reliable
263,https://m.al-sharq.com,very_reliable
264,https://www.al-watan.com,very_reliable
265,https://www.bayt.com,very_reliable
266,https://www.alarabiya.net,very_reliable
267,https://www.expo2020dubai.com,very_reliable
268,https://www.visitdubai.com,very_reliable
269,https://answers.mawdoo3.com,very_reliable
270,https://misbar.com,very_reliable
271,https://www.webteb.com,very_reliable
273,https://nabataty.com,very_reliable
274,https://www.rgh.com.sa,very_reliable
275,https://www.picturethisai.com,very_reliable
276,https://www.amazon.sa,very_reliable
277,https://planting.mawdoo3.com,very_reliable
278,https://greenfue.com,very_reliable
279,https://almardia.qa,very_reliable
281,https://www.youtube.com,very_reliable
282,https://misrelzraea.com,very_reliable
285,https://altibbi.com,very_reliable
286,https://www.akhbaar24.com,very_reliable
287,https://www.hiamag.com,very_reliable
288,https://www.elconsolto.com,very_reliable
289,https://www.arabiaweather.com,very_reliable
290,https://www.mshtly.com,very_reliable
291,https://www.maspero.eg,very_reliable
292,https://www.amazon.eg,very_reliable
293,https://mahally.com,very_reliable
294,https://www.mashtalegypt.com,very_reliable
295,https://www.resifsera.com,very_reliable
297,https://www.greenpeace.org,very_reliable
299,https://moe.edu.ps,very_reliable
301,https://fastercapital.com,very_reliable
303,https://www.edarabia.com,very_reliable
305,https://islamabad.embassy.qa,very_reliable
306,https://www.skynewsarabia.com,very_reliable
307,https://fanack.com,very_reliable
308,https://www.imf.org,very_reliable
309,https://www.bahrainedb.com,very_reliable
310,https://studies.aljazeera.net,very_reliable
311,https://www.qf.org.qa,very_reliable
312,https://journals.openedition.org,very_reliable
313,https://sputnikarabic.ae,very_reliable
314,https://www.visitsaudi.com,very_reliable
315,https://toparabicnews.org,very_reliable
316,https://www.law-house.net,very_reliable
317,https://www.trtarabi.com,very_reliable
318,https://www.brookings.edu,very_reliable
319,https://artsandculture.google.com,very_reliable
320,https://gazastory.com,very_reliable
322,https://chs-doha.org,very_reliable
323,https://ihh.org.tr,very_reliable
324,https://berrhawiyah.org.sa,very_reliable
325,https://www.mohamoon-qa.com,very_reliable
326,https://www.atlp.ae,very_reliable
327,https://alomarylawfirm.com,very_reliable
329,https://careers.aljazeera.net,very_reliable
330,https://www.diplomatie.gouv.fr,very_reliable
333,https://www.sjc.bh,very_reliable
334,https://mosta3ed.com,very_reliable
337,https://altamimitex.net,very_reliable
338,https://rahalfiber.com,very_reliable
339,https://howistart.com,very_reliable
340,https://sirajattarbros.com,very_reliable
342,https://www.egblog.news,very_reliable
344,https://www.oercommons.org,very_reliable
346,https://www.dubaizaman.ae,very_reliable
348,https://cnnbusinessarabic.com,very_reliable
349,https://www.thefirstgroup.com,very_reliable
350,https://selecthouse.co,very_reliable
351,https://shafaq.com,very_reliable
352,https://uac-org.org,very_reliable
354,https://arabicpost.net,very_reliable
355,https://www.beinsports.com,very_reliable
356,https://www.hrw.org,very_reliable
357,https://www.presidency.eg,very_reliable
358,https://arabcountriesguide.com,very_reliable
359,https://www.mordorintelligence.com,very_reliable
360,https://attaqa.net,very_reliable
361,https://araa.sa,very_reliable
362,https://www.myholidays.com,very_reliable
363,https://placevendomeqatar.com,very_reliable
364,https://www.themalldoha.com,very_reliable
365,https://mallofqatar.com.qa,very_reliable
366,https://www.thetorchdoha.com.qa,very_reliable
373,https://www.regencyholidays.com,very_reliable
376,https://www.joigifts.com,very_reliable
377,https://qatar.alcoupon.com,very_reliable
378,https://www.talabat.com,very_reliable
379,https://occasionmart.com,very_reliable
380,https://www.annahar.com,very_reliable
381,https://fentiab.com,very_reliable
386,https://qspace.qu.edu.qa,very_reliable
387,https://www.un.org,very_reliable
388,https://www.edunet.bh,very_reliable
390,https://www.jamila.qa,very_reliable
391,https://freelance.sa,very_reliable
397,https://www.puckarabia.com,very_reliable
400,https://www.almarai.com,very_reliable
401,https://sustainability.almarai.com,very_reliable
402,https://cucinaart.com,very_reliable
405,https://www.nutajr.com,very_reliable
406,https://instantpotme.com,very_reliable
407,https://m.youtube.com,very_reliable
409,https://www.fourseasons.com,very_reliable
412,https://www.moodqahwa.com,very_reliable
415,https://www.bonny.com.sa,very_reliable
417,https://www.westernunion.com,very_reliable
418,https://www.carencurepharmacy.com,very_reliable
419,https://www.fao.org,very_reliable
421,https://retm.com.sa,very_reliable
422,https://ae.pricena.com,very_reliable
423,https://www.almamlakatv.com,very_reliable
424,https://www.almodon.com,very_reliable
425,https://usahello.org,very_reliable
426,https://www.gemswellingtonschool-qatar.com,very_reliable
427,https://everydayscholarship.com,very_reliable
428,https://sr.edu.sa,very_reliable
429,https://www.khaleej24.ae,very_reliable
430,https://www.expatica.com,very_reliable
431,https://leverageedu.com,very_reliable
432,https://www.standyou.com,very_reliable
435,https://foreigners.bu.edu.eg,very_reliable
436,https://kfs.edu.eg,very_reliable
437,https://eps.mu.edu.iq,very_reliable
438,https://www.easyunime.com,very_reliable
439,https://cope.uobaghdad.edu.iq,very_reliable
440,https://alemnishokran.com,very_reliable
441,https://www.uoanbar.edu.iq,very_reliable
442,https://newtonschools.sch.qa,very_reliable
443,https://help.calltechapp.com,very_reliable
444,https://liwan.org.qa,very_reliable
445,https://www.alrakoba.net,very_reliable
446,https://qatareducationaldirectory.qa,very_reliable
447,https://sudaneseschool.edu.qa,very_reliable
449,https://bhavansqatar.org,very_reliable
450,https://asd.sch.qa,very_reliable
453,https://lu.edu.qa,very_reliable
455,https://www.study-ar.com,very_reliable
456,https://traadvisor.com,very_reliable
458,https://scu.eg,very_reliable
461,https://www.kesan.org,very_reliable
463,https://wish.org.qa,very_reliable
465,https://medical-centers-association.com,very_reliable
466,https://admitportal.iau.edu.sa,very_reliable
467,https://nur.uobasrah.edu.iq,very_reliable
468,https://igtsservice.com,very_reliable
469,https://must.edu.eg,very_reliable
470,https://www.just.edu.jo,very_reliable
471,https://www.qatar.georgetown.edu,very_reliable
472,https://sce.aucegypt.edu,very_reliable
473,https://syria.britishcouncil.org,very_reliable
474,https://www.amideast.org,very_reliable
475,https://kalemuni.com,very_reliable
476,https://www.rowad-alkhaleej.edu.sa,very_reliable
477,https://www.droos.me,very_reliable
478,https://www.aramco.com,very_reliable
479,https://dgs.tu.edu.sa,very_reliable
480,https://www.ccq.edu.qa,very_reliable
481,https://dar.ju.edu.sa,very_reliable
483,https://alraedah.sa,very_reliable
484,https://www.banquemisr.com,very_reliable
489,https://ahli.com,very_reliable
490,https://tayseerme.com,very_reliable
491,https://www.banker.news,very_reliable
493,https://www.bankalbilad.com,very_reliable
494,https://www.alrajhibank.com.sa,very_reliable
495,https://www.cibeg.com,very_reliable
496,https://qcdc.org.qa,very_reliable
497,https://shukair.net,very_reliable
498,https://www.qfc.qa,very_reliable
499,https://www.msheirebproperties.com,very_reliable
500,https://www.alwadihoteldoha.com,very_reliable
501,https://msheirebmuseums.com,very_reliable
505,https://www.tamm.abudhabi,very_reliable
508,https://jsst.journals.ekb.eg,very_reliable
509,https://rakez.com,very_reliable
510,https://www.cairochamber.org.eg,very_reliable
511,https://www.rewaatech.com,very_reliable
512,https://floward.com,very_reliable
513,https://www.jumia.com.eg,very_reliable
514,https://floward.co,very_reliable
515,https://yallacompare.com,very_reliable
516,https://www.sab.com,very_reliable
517,https://www.alahli.com,very_reliable
518,https://www.fawrymicrofinance.com,very_reliable
519,https://web.vodafone.com.eg,very_reliable
520,https://fortunearabia.com,very_reliable
521,https://www.tawteen.com.qa,very_reliable
522,https://laweg.net,very_reliable
523,https://etqanlawfirm-sa.com,very_reliable
524,https://spanishluisvives.com,very_reliable
528,https://almalnews.com,very_reliable
530,https://www.ungeneva.org,very_reliable
531,https://fast4trans.com,very_reliable
532,https://www.bsigroup.com,very_reliable
533,https://esoftskills.com,very_reliable
534,https://elmadrasah.com,very_reliable
535,https://news.alkhalej-services.net,very_reliable
536,https://if-maroc.org,very_reliable
540,https://horizons-edu.com,very_reliable
541,https://yaschools.com,very_reliable
543,https://rahahome.com,very_reliable
545,https://royal-serv.com,very_reliable
546,https://www.qfa.qa,very_reliable
547,https://worldcup-qa.com,very_reliable
548,https://www.bna.bh,very_reliable
550,https://www.olympic.qa,very_reliable
551,https://erej.org,very_reliable
552,https://fiqh.islamonline.net,very_reliable
553,https://www.aletihad.ae,very_reliable
554,https://www.elbalad.news,very_reliable
555,https://www.alarab.co.uk,very_reliable
556,https://ibsacademy.org,very_reliable
558,https://bladna24.ma,very_reliable
560,https://www.mosafer.to,very_reliable
564,https://www.discovermleiha.ae,very_reliable
565,https://baces.co.uk,very_reliable
566,https://alshaqab.com,very_reliable
567,https://halayalla.com,very_reliable
568,https://fpco.co,very_reliable
569,https://www.experiencealula.com,very_reliable
572,https://www.shura.qa,very_reliable
573,https://www.clevelandclinicabudhabi.ae,very_reliable
574,https://arcgroup-eg.com,very_reliable
575,https://south24.net,very_reliable
578,https://moddakir.com,very_reliable
579,https://utq.org.sa,very_reliable
580,https://www.quran.bh,very_reliable
581,https://www.arageek.com,very_reliable
582,https://publicholidays.qa,very_reliable
583,https://rcepunesco.ae,very_reliable
585,https://www.alroqya.com,very_reliable
587,https://www.alyaum.com,very_reliable
588,https://www.kiwi.com,very_reliable
591,https://slaati.com,very_reliable
592,https://www.hablullah.com,very_reliable
593,https://mia.org.qa,very_reliable
594,https://lusailnews.net,very_reliable
595,https://www.jumeirah.com,very_reliable
596,https://www.emaratalyoum.com,very_reliable
597,https://saaid.org,very_reliable
598,https://www.al-jazirah.com.sa,very_reliable
600,https://www.quran-makkah.org.sa,very_reliable
601,https://populationtoday.com,very_reliable
602,https://shamela.ws,very_reliable
603,https://islamonline.net,very_reliable
604,https://www.msdmanuals.com,very_reliable
605,https://abudhabiculture.ae,very_reliable
606,https://www.qatartourism.com,very_reliable
607,https://www.parlmany.com,very_reliable
609,https://nourquran.com,very_reliable
610,https://alrwak.com,very_reliable
611,https://maqare.com,very_reliable
614,https://www.swfh.com,very_reliable
615,https://akhbarelyom.com,very_reliable
616,https://arabic.euronews.com,very_reliable
617,https://www.sadat.com.tr,very_reliable
618,https://www.alwatan.com.sa,very_reliable
621,https://www.humanesociety.org,very_reliable
622,https://dohafamily.com,very_reliable
626,https://www.airanimal.com,very_reliable
627,https://qat.voxcinemas.com,very_reliable
628,https://www.accessibleqatar.com,very_reliable
630,https://www.wisdompanel.com,very_reliable
632,https://studentsqatar.com,very_reliable
635,https://qnl.qa,very_reliable
636,https://en.getforsa.com,very_reliable
637,https://www.evmc.qa,very_reliable
638,https://www.cobone.com,very_reliable
642,https://www.enature.qa,very_reliable
644,https://wise.com,very_reliable
650,https://www.sakernet.org,very_reliable
651,https://saudipedia.com,very_reliable
654,https://www.diveholics.com,very_reliable
655,https://fonoonalsayd.com,very_reliable
656,https://arabofoq.com,very_reliable
658,https://www.royalcanin.com,very_reliable
659,https://www.alkhaleej.ae,very_reliable
660,https://phs-spca.org,very_reliable
662,https://www.aljarida.com,very_reliable
667,https://www.sidra.org,very_reliable
668,https://www.naseej.qa,very_reliable
669,https://alwatan.om,very_reliable
670,https://muwatin.net,very_reliable
671,https://academia-arabia.com,very_reliable
673,https://apprendre.tv5monde.com,very_reliable
674,https://www.companiespalace.com,very_reliable
676,https://faculty.ksu.edu.sa,very_reliable
677,https://arabpoems.com,very_reliable
680,https://www.rainviewer.com,very_reliable
682,https://www.meteoblue.com,very_reliable
683,https://rr-middleeast.woah.org,very_reliable
684,https://weather.com,very_reliable
685,https://www.accuweather.com,very_reliable
687,https://www.saudiexchange.sa,very_reliable
688,https://elcinema.com,very_reliable
689,https://prayers.qa,very_reliable
690,https://albetha.com,very_reliable
691,https://bru.iscte-iul.pt,very_reliable
692,https://sidra.org,very_reliable
693,https://v-clock.com,very_reliable
694,https://udcqatar.com,very_reliable
695,https://www.rehlat.qa,very_reliable
696,https://tickets.qfa.qa,very_reliable
697,https://www.alaraby.co.uk,very_reliable
698,https://alrai.com,very_reliable
699,https://baghdadtoday.news,very_reliable
700,https://www.sarayanews.com,very_reliable
701,https://luxuryav.net,very_reliable
703,https://money.mawdoo3.com,very_reliable
704,https://ar.ounass.ae,very_reliable
705,https://muqtanyati.com,very_reliable
706,https://www.albayan.ae,very_reliable
707,https://qm.org.qa,very_reliable
709,https://www.21kschool.com,very_reliable
711,https://www.aleqt.com,very_reliable
712,https://www.zahratalkhaleej.ae,very_reliable
713,https://sara-altwaim.com,very_reliable
714,https://phajordan.org,very_reliable
715,https://www.who.int,very_reliable
716,https://www.ifrc.org,very_reliable
719,https://www.tivolihotels.com,very_reliable
720,https://www.ootlah.com,very_reliable
721,https://www.alanba.com.kw,very_reliable
722,https://memphistrips.com,very_reliable
723,https://myrtn.com,very_reliable
724,https://wegzz.com,very_reliable
725,https://www.agazatclub.travel,very_reliable
726,https://www.almosafer.com,very_reliable
727,https://moonwaytour.com,very_reliable
728,https://www.gulfcraftinc.com,very_reliable
729,https://www.thepearlqatar.com,very_reliable
730,https://www.rehlat.com,very_reliable
731,https://intercom.help,very_reliable
732,https://apps.apple.com,very_reliable
734,https://www.linkedin.com,very_reliable
735,https://www.australiantraveller.com,very_reliable
736,https://www.moroccotoursagency.com,very_reliable
737,https://wadirumdeserteyes.com,very_reliable
740,https://www.statista.com,very_reliable
741,https://www.doha.directory,very_reliable
743,https://www.wikihow.com,very_reliable
745,https://downtownlusail.com,very_reliable
746,https://dimdex.com,very_reliable
747,https://www.sahlapp.com,very_reliable
748,https://xl-logistics.pl,very_reliable
749,https://www.booking.com,very_reliable
752,https://www.enterprise.com.sa,very_reliable
753,https://www.budgetsaudi.com,very_reliable
755,https://www.talabatak.app,very_reliable
756,https://jungleworks.com,very_reliable
757,https://www.eventat.com,very_reliable
760,https://www.royalparks.org.uk,very_reliable
762,https://www.tumblr.com,very_reliable
763,https://www.anantara.com,very_reliable
765,https://www.doha-hotels.net,very_reliable
767,https://sa.wego.com,very_reliable
768,https://www.jazeeraairways.com,very_reliable
770,https://travel.linastore.me,very_reliable
771,https://www.rehlat.com.eg,very_reliable
773,https://nmoq.org.qa,very_reliable
774,https://www.rehlat.bh,very_reliable
775,https://help.taxif.com,very_reliable
776,https://www.wamda.com,very_reliable
777,https://www.alfardanexchange.com.qa,very_reliable
778,https://www.skyscanner.com.sa,very_reliable
779,https://www.wego.ps,very_reliable
780,https://om.wego.com,very_reliable
782,https://amman.embassy.qa,very_reliable
783,https://visaindex.com,very_reliable
785,https://www.wego.qa,very_reliable
786,https://www.kau.edu.sa,very_reliable
787,https://bu.edu.eg,very_reliable
788,https://www.iaea.org,very_reliable
789,https://www.uahirise.org,very_reliable
795,https://alromaizan.com,very_reliable
799,https://bahrain.bh,very_reliable
801,https://musaned.com.sa,very_reliable
802,https://4stogistic.com,very_reliable
803,https://rabat.embassy.qa,very_reliable
806,https://travnook.com,very_reliable
807,https://voyages-egypte5.com,very_reliable
809,https://alsaudialyaum.com,very_reliable
813,https://www.mada-consulting.com,very_reliable
814,https://apply.joinsherpa.com,very_reliable
815,https://iq.com.qa,very_reliable
818,https://www.ilo.org,very_reliable
819,https://www.alankaa.com,very_reliable
820,https://jbhsc.ae,very_reliable
821,https://alwatan.kuwait.tt,very_reliable
822,https://ar.wiktionary.org,very_reliable
823,https://jbj.edu.qa,very_reliable
824,https://www.albankaldawli.org,very_reliable
826,https://www.meerafarm.com,very_reliable
827,https://distribution.sbhqatar.com,very_reliable
828,https://wrraqoon.com,very_reliable
829,https://uomus.edu.iq,very_reliable
830,https://hamauditing.com,very_reliable
833,https://www.mesrs.dz,very_reliable
834,https://journals.mejsp.com,very_reliable
835,https://www.arapenz.com,very_reliable
836,https://app.qrcs.org.qa,very_reliable
837,https://www.hamad.qa,very_reliable
839,https://www.alriwaay.com,very_reliable
840,https://www.bayut.sa,very_reliable
844,https://www.alborsaanews.com,very_reliable
845,https://www.print.sa,very_reliable
846,https://helpx.adobe.com,very_reliable
848,https://e3rfaktar.com,very_reliable
849,https://www.sharjah24.ae,very_reliable
850,https://www.jarir.com,very_reliable
851,https://www.wattpad.com,very_reliable
852,https://books.google.com,very_reliable
853,https://alsirhan.com,very_reliable
856,https://www.alayam.com,very_reliable
857,https://www.shafallah.org.qa,very_reliable
859,https://uomustansiriyah.edu.iq,very_reliable
860,https://www.aljouriamc.com,very_reliable
861,https://greenland-glc.com,very_reliable
863,https://www.comcec.org,very_reliable
864,https://qa.visamiddleeast.com,very_reliable
865,https://www.aspirezone.qa,very_reliable
867,https://www.islamicfinder.org,very_reliable
868,https://prayertimes.me,very_reliable
869,https://qatar.prayertiming.net,very_reliable
871,https://www.shorouknews.com,very_reliable
873,https://www.lulugroupinternational.com,very_reliable
874,https://www.pcp.ps,very_reliable
876,https://souqwaqif.qa,very_reliable
877,https://www.arabcont.com,very_reliable
878,https://www.cnn.com,very_reliable
880,https://www.mallofqatar.com.qa,very_reliable
881,https://www.arabdict.com,very_reliable
882,https://misrsweets.com,very_reliable
883,https://www.mcdonalds.com,very_reliable
884,https://dailymealz.com,very_reliable
885,https://hotpack.com.sa,very_reliable
886,https://www.ranksarabia.com,very_reliable
887,https://www.nescafe.com,very_reliable
889,https://www.boscoffee.com,very_reliable
890,https://arabdalla.com,very_reliable
891,https://www.rosethermos.com,very_reliable
892,https://www.toper.com,very_reliable
893,https://www.wam.ae,very_reliable
895,https://da3em.education,very_reliable
896,https://www.emleson.org,very_reliable
897,https://hawaaworld.com,very_reliable
898,https://ihcairoeg.com,very_reliable
899,https://waw.edu.sa,very_reliable
900,https://virginiaschool.ae,very_reliable
902,https://al-mahad.com,very_reliable
904,https://www.ajnet.me,very_reliable
906,https://www.dohainstitute.edu.qa,very_reliable
907,https://eduhub21.com,very_reliable
908,https://www.aaup.edu,very_reliable
909,https://arabeast.edu.sa,very_reliable
910,https://www.philadelphia.edu.jo,very_reliable
911,https://www.uobabylon.edu.iq,very_reliable
912,https://www.starsofscience.com,very_reliable
913,https://eng.cu.edu.eg,very_reliable
915,https://www.ub.edu.sa,very_reliable
916,https://cu.edu.eg,very_reliable
917,https://cba.ksu.edu.sa,very_reliable
918,https://coadec.uobaghdad.edu.iq,very_reliable
919,https://uomosul.edu.iq,very_reliable
920,https://sa.linkedin.com,very_reliable
921,https://qrdi.org.qa,very_reliable
922,https://www.aun.edu.eg,very_reliable
923,https://coart.uowasit.edu.iq,very_reliable
925,https://education.aau.ac.ae,very_reliable
926,https://univ-blida2.dz,very_reliable
927,https://www.zu.ac.ae,very_reliable
928,https://www.uaeu.ac.ae,very_reliable
929,https://albayan.edu.iq,very_reliable
930,https://colaw.uobaghdad.edu.iq,very_reliable
933,https://www.arabwomenlegal-emap.org,very_reliable
935,https://ascs.ksu.edu.sa,very_reliable
936,https://ega.ee,very_reliable
937,https://www.eelu.edu.eg,very_reliable
941,https://oufok.com,very_reliable
943,https://mtu.edu.iq,very_reliable
944,https://taiz.edu.ye,very_reliable
945,https://site.ypu.edu.sy,very_reliable
946,https://engfac.mans.edu.eg,very_reliable
950,https://ecpa-eg.com,very_reliable
951,https://egymarks.com,very_reliable
953,https://invhouse.com,very_reliable
954,https://fatora.io,very_reliable
956,https://sallatk.com,very_reliable
957,https://www.cxshift.com,very_reliable
959,https://paymentservices.amazon.com,very_reliable
961,https://www.elnooronline.net,very_reliable
962,https://sumoue.com,very_reliable
963,https://www.multi-cart.net,very_reliable
964,https://upicorn.com,very_reliable
965,https://proconnectlogistics.com,very_reliable
966,https://syarah.com,very_reliable
967,https://business.uobabylon.edu.iq,very_reliable
968,https://www.idp.com,very_reliable
969,https://ar.uopeople.edu,very_reliable
970,https://seu.edu.sa,very_reliable
971,https://grow.google,very_reliable
973,https://www.qatarradio.qa,very_reliable
974,https://bakkah.com,very_reliable
977,https://www.hafiz.edu.sa,very_reliable
980,https://ecomang.uodiyala.edu.iq,very_reliable
981,https://cbe.qu.edu.sa,very_reliable
982,https://www.eliekhudari.com,very_reliable
986,https://www.svu.edu.eg,very_reliable
987,https://www.mubasher.info,very_reliable
988,https://new-delhi.embassy.qa,very_reliable
989,https://www.wuduh1.com,very_reliable
990,https://www.new-educ.com,very_reliable
991,https://etcsyria.org,very_reliable
992,https://gvhti.edu.sa,very_reliable
993,https://abc-ksa.com,very_reliable
994,https://pavaedu.com,very_reliable
997,https://esdubai.com,very_reliable
998,https://englease.com,very_reliable
1000,https://www.sprachschule-aktiv-duesseldorf.de,very_reliable
1002,https://handbookgermany.de,very_reliable
1003,https://kairo.diplo.de,very_reliable
1004,https://www.efset.org,very_reliable
1005,https://training.alkhaleej.com.sa,very_reliable
1007,https://aau.ac.ae,very_reliable
1008,https://alittihad44.com,very_reliable
1012,https://kun.academy,very_reliable
1013,https://ar.lpcentre.com,very_reliable
1018,https://homelamasat.com,very_reliable
1021,https://dushanbe.embassy.qa,very_reliable
1023,https://kuala-lumpur.embassy.qa,very_reliable
1025,https://dorar.net,very_reliable
1026,https://ar.visitjordan.com,very_reliable
1027,https://jakarta.embassy.qa,very_reliable
1029,https://zamzam.com,very_reliable
1031,https://alfozanaward.org,very_reliable
1032,https://almoayyedproperties.com,very_reliable
1033,https://www.alayyam.info,very_reliable
1034,https://www.twinkl.ae,very_reliable
1035,https://holmakhdar.org,very_reliable
1036,https://olympics.com,very_reliable
1037,https://rscn.completechaintech.com,very_reliable
1038,https://www.twinkl.com.eg,very_reliable
1039,https://news.un.org,very_reliable
1040,https://www.snoneen.com,very_reliable
1041,https://www.4pawzkw.com,very_reliable
1044,https://saudievents.sa,very_reliable
1045,https://www.nyvetclinic.com,very_reliable
1046,https://www.rj.com,very_reliable
1047,https://www.saudia.com,very_reliable
1048,https://www.etihad.com,very_reliable
1049,https://m.egyptair.com,very_reliable
1052,https://cotonou.embassy.qa,very_reliable
1053,https://www.protocol.dubai.ae,very_reliable
1054,https://visitabudhabi.ae,very_reliable
1055,https://ma.linkedin.com,very_reliable
1056,https://www.fifa.com,very_reliable
1058,https://blog.souqfann.com,very_reliable
1059,https://www.samatalentsacademy.com,very_reliable
1062,https://thankspanda.com,very_reliable
1063,https://www.qcharity.org,very_reliable
1065,https://taqaled.com,very_reliable
1066,https://www.ithra.com,very_reliable
1067,https://www.echoroukonline.com,very_reliable
1068,https://law-md.com.sa,very_reliable
1069,https://cpa.org.sa,very_reliable
1070,https://okaymuk.com,very_reliable
1071,https://paris.embassy.qa,very_reliable
1074,https://www.saudiexports.sa,very_reliable
1075,https://www.zawya.com,very_reliable
1076,https://kiahf.qa,very_reliable
1077,https://ar.katarahospitality.com,very_reliable
1078,https://www.elfagr.org,very_reliable
1079,https://www.cairo360.com,very_reliable
1080,https://www.beesmarkets.com,very_reliable
1081,https://smartbody.me,very_reliable
1083,https://shoaamc.com,very_reliable
1085,https://wikiqatar.com,very_reliable
1086,https://www.marafiq.com.sa,very_reliable
1088,https://dm-consultant.qa,very_reliable
1090,https://www.rawafdnajd.sa,very_reliable
1091,https://me.motorsport.com,very_reliable
1093,https://www.roza.qa,very_reliable
1094,https://siel.ma,very_reliable
1096,https://www.env-news.com,very_reliable
1097,https://www.salk.edu,very_reliable
1098,https://eurodita.com,very_reliable
1099,https://www.amnesty.org,very_reliable
1104,https://www.uae.rosethermos.com,very_reliable
1105,https://www.raqtan.com,very_reliable
1106,https://www.manaraa.com,very_reliable
1107,https://dar.ksu.edu.sa,very_reliable
1108,https://jam3i.com,very_reliable
1109,https://www.aucegypt.edu,very_reliable
1110,https://cdm.edu.eg,very_reliable
1113,https://www.msmeda.org.eg,very_reliable
1114,https://www.adamwamishmish.com,very_reliable
1116,https://ienglish.ae,very_reliable
1117,https://www.syria.tv,very_reliable
1118,https://www.warwickhotels.com,very_reliable
1120,https://bangkok.embassy.qa,very_reliable
1121,https://www.turkishairlines.com,very_reliable
1123,https://minthr.com,very_reliable
1124,https://ertikaa.com,very_reliable
1125,https://www.twinkl.co.th,very_reliable
1127,https://www.vice.com,very_reliable
1128,https://ngalarabiya.com,very_reliable
1129,https://multaqaasbar.com,very_reliable
1130,https://docs.google.com,very_reliable
1132,https://www.almashhadnews.com,very_reliable
1133,https://fustany.com,very_reliable
1134,https://www.moje-auto.pl,very_reliable
1135,https://www.learnaboutgreece.gr,very_reliable
1136,https://ar.vogue.me,very_reliable
1138,https://www.studybachelor.com,very_reliable
1139,https://rotana.net,very_reliable
1140,https://www.alghad.tv,very_reliable
1141,https://www.safaraq.com,very_reliable
1142,https://mrhbaa.com,very_reliable
1143,https://www.earthna.qa,very_reliable
1144,https://eg.wego.com,very_reliable
1145,https://palmeraegypt.com,very_reliable
1146,https://nakhlaty.com,very_reliable
1147,https://portal.etimad.sa,very_reliable
1149,https://saudigoldprice.gold,very_reliable
1150,https://acibadem.ar,very_reliable
1151,https://faraby.net,very_reliable
1152,https://medicalworld.com.sa,very_reliable
1155,https://www.jbapartner.com,very_reliable
1157,https://www.ffcqatar.com,very_reliable
1158,https://www.dukhanbank.com,very_reliable
1159,https://blog.bcare.com.sa,very_reliable
1160,https://carshippingdubai.com,very_reliable
1161,https://elmo7amy.tv,very_reliable
1162,https://mersat.net,very_reliable
1163,https://saudielitelawyers.com,very_reliable
1165,https://www.imtilak.net,very_reliable
1166,https://tasahel.com.eg,very_reliable
1168,https://www.qiwa.sa,very_reliable
1169,https://qatar.blsspainvisa.com,very_reliable
1170,https://uaecabinet.ae,very_reliable
1171,https://alhajer-alaswad.com,very_reliable
1174,https://www.sudanembassy.org.uk,very_reliable
1175,https://jeddah.egyptconsulates.org,very_reliable
1176,https://www.emirates.com,very_reliable
1177,https://www.aldiblumasi-rec-office.com,very_reliable
1178,https://qiwa.sa,very_reliable
1179,https://www.ins.tn,very_reliable
1181,https://www.fiba.basketball,very_reliable
1182,https://www.honda-mideast.com,very_reliable
1183,https://www.alhesn.net,very_reliable
1185,https://www.alquds.co.uk,very_reliable
1186,https://www.ohchr.org,very_reliable
1187,https://yemenembassy.my,very_reliable
1188,https://www.pinterest.com,very_reliable
1189,https://www.univ-msila.dz,very_reliable
1191,https://zu.edu.jo,very_reliable
1192,https://adbookfair.com,very_reliable
1193,https://ar.wikihow.com,very_reliable
1194,https://propertyhuntergroup.com,very_reliable
1196,https://mobt3ath.com,very_reliable
1197,https://info.wafa.ps,very_reliable
1198,https://wam.ae,very_reliable
1199,https://www.fatafeat.com,very_reliable
1200,https://www.asharqbusiness.com,very_reliable
1201,https://www.cleanipedia.com,very_reliable
1202,https://www.bskl.app,very_reliable
1204,https://www.csrsa.net,very_reliable
1205,https://tajagri.sa,very_reliable
1206,https://www.rwaq.org,very_reliable
1207,https://www.iqraakthr.com,very_reliable
1208,https://properties.emaar.com,very_reliable
1209,https://torsinaifarms.com,very_reliable
1210,https://al-ealamia.com,very_reliable
1211,https://multy-clean.com,very_reliable
1212,https://www.aoad.org,very_reliable
1213,https://ar.timeoutriyadh.com,very_reliable
1215,https://www.mahmiyat.ps,very_reliable
1216,https://www.almayadeen.net,very_reliable
1217,https://alsoliman.com.sa,very_reliable
1218,https://www.n4hk-mena.com,very_reliable
1219,https://www.wise-qatar.org,very_reliable
1223,https://remix.aljazeera.com,very_reliable
1225,https://www.newtactics.org,very_reliable
1226,https://www.regionalcsr.com,very_reliable
1227,https://alroya.om,very_reliable
1229,https://mazaady.com,very_reliable
1230,https://www.deezer.com,very_reliable
1232,https://www.amf.org.ae,very_reliable
1233,https://www.emea.marriott.com,very_reliable
1234,https://kuwait24.news,very_reliable
1235,https://darbtourism.com,very_reliable
1236,https://heaventurizm.com,very_reliable
1237,https://evisa-to-turkey.com,very_reliable
1238,https://www.alaraby.com,very_reliable
1239,https://www.rozana.fm,very_reliable
1240,https://www.alchourouk.com,very_reliable
1241,https://taker.io,very_reliable
1242,https://alghad.com,very_reliable
1245,https://kafiil.com,very_reliable
1246,https://egyptschools.info,very_reliable
1247,https://gmu.ac.ae,very_reliable
1248,https://www.pnu.edu.sa,very_reliable
1251,https://ez-academy.org,very_reliable
1252,https://www.turkeyuniversity.org,very_reliable
1253,https://sbsg-edu.com,very_reliable
1255,https://www.iau.edu.sa,very_reliable
1257,https://www.britishcouncil.jo,very_reliable
1259,https://www.englishcentral.com,very_reliable
1260,https://mbc.iqraa.news,very_reliable
1261,https://deanship-admission-registration.nbu.edu.sa,very_reliable
1262,https://admreg.yu.edu.jo,very_reliable
1263,https://csit.uokerbala.edu.iq,very_reliable
1264,https://www.ina.iq,very_reliable
1265,https://www.esi-sba.dz,very_reliable
1266,https://www.dou-setif.net,very_reliable
1268,https://www.nbe.com.eg,very_reliable
1269,https://www.aljdwa.com,very_reliable
1270,https://mostasmmer.com,very_reliable
1271,https://www.riyadah.com.sa,very_reliable
1273,https://www.bankofafrica.ma,very_reliable
1274,https://just-flower.sa,very_reliable
1275,https://classicpotshop.com,very_reliable
1276,https://journals.ajsrp.com,very_reliable
1278,https://www.sat-edu.com,very_reliable
1279,https://www.egytouch.com,very_reliable
1281,https://almo3allem.com,very_reliable
1282,https://learning.aljazeera.net,very_reliable
1283,https://www.massgeneral.org,very_reliable
1284,https://istanbul.consulate.qa,very_reliable
1285,https://istoria.app,very_reliable
1286,https://www.britishcouncil.dz,very_reliable
1289,https://www.italki.com,very_reliable
1290,https://talkpal.ai,very_reliable
1291,https://alahlyegypt.com,very_reliable
1293,https://kuwait.fitnessfirstme.com,very_reliable
1294,https://uaeerf.ae,very_reliable
1295,https://www.mustad.com,very_reliable
1296,https://albalqajournal.ammanu.edu.jo,very_reliable
1297,https://www.louvreabudhabi.ae,very_reliable
1298,https://ehlquran.com,very_reliable
1299,https://noblequran.shj.ae,very_reliable
1300,https://www.qeraat.bh,very_reliable
1301,https://www.qpm.com.qa,very_reliable
1302,https://mulkhassport.com,very_reliable
1303,https://www.elkhabar.com,very_reliable
1304,https://marw.dz,very_reliable
1305,https://tahfizacademy.info,very_reliable
1306,https://bfda.journals.ekb.eg,very_reliable
1307,https://techvillageeg.com,very_reliable
1309,https://t.me,very_reliable
1310,https://www.consortiolawfirm.com,very_reliable
1311,https://www.woah.org,very_reliable
1312,https://arabic.news.cn,very_reliable
1313,https://www.bsu.edu.eg,very_reliable
1314,https://vet.omu.edu.ly,very_reliable
1315,https://modernvet.com,very_reliable
1317,https://masnod.com,very_reliable
1318,https://www.arabicmagazine.net,very_reliable
1319,https://www.bena2.com,very_reliable
1320,https://mazra3ty.com,very_reliable
1323,https://arab-ency.com.sy,very_reliable
1324,https://www.assaqr.com,very_reliable
1326,https://www.zoolker.com,very_reliable
1327,https://esposagroup.com,very_reliable
1328,https://kafa.org.lb,very_reliable
1330,https://www.twinkl.com.sa,very_reliable
1332,https://herbalessencesarabia.com,very_reliable
1334,https://help.unhcr.org,very_reliable
1335,https://emirates.zafaf.net,very_reliable
1336,https://www.emro.who.int,very_reliable
1338,https://youth.wmo.int,very_reliable
1341,https://www.chinesecars.me,very_reliable
1342,https://www.pmd.ps,very_reliable
1343,https://www.arab4climate.com,very_reliable
1345,https://albiladdaily.com,very_reliable
1346,https://newvision.jo,very_reliable
1347,https://www.takeefawan.com,very_reliable
1348,https://saudicalendars.com,very_reliable
1350,https://www.dreama.org.qa,very_reliable
1351,https://al-hadath.com,very_reliable
1352,https://www.mena.org.eg,very_reliable
1353,https://alwofod.sa,very_reliable
1354,https://infinitework.net,very_reliable
1356,https://aqaryamasr.com,very_reliable
1357,https://www.annaharar.com,very_reliable
1359,https://ced.ppu.edu,very_reliable
1360,https://abcfuture.com.tr,very_reliable
1361,https://sankarigold.com,very_reliable
1363,https://explorer.nmoq.org.qa,very_reliable
1364,https://engazmedia.com,very_reliable
1365,https://matjari.online,very_reliable
1367,https://qatar.yallamotor.com,very_reliable
1368,https://ar.trivago.com,very_reliable
1369,https://sa.visamiddleeast.com,very_reliable
1372,https://moovitapp.com,very_reliable
1373,https://luxera-group.com,very_reliable
1374,https://goalsport-eg.com,very_reliable
1375,https://ar.integralspor.com,very_reliable
1376,https://www.asiaholic.net,very_reliable
1377,https://tourzm.com,very_reliable
1378,https://www.rta.ae,very_reliable
1380,https://ksa.motory.com,very_reliable
1381,https://www.esarcar.com,very_reliable
1382,https://www.theebonline.com,very_reliable
1383,https://www.hrdf.org.sa,very_reliable
1384,https://alqabas.com,very_reliable
1385,https://rehlacar.com,very_reliable
1386,https://www.ontt.tn,very_reliable
1387,https://www.flynas.com,very_reliable
1388,https://www.tunisair.com,very_reliable
1389,https://www.iyelo.com,very_reliable
1391,https://mousafir.net,very_reliable
1392,https://kaiian.com,very_reliable
1393,https://taxif.com,very_reliable
1396,https://www.salamair.com,very_reliable
1398,https://www.mot3lmoon.com,very_reliable
1399,https://www.alsumaria.tv,very_reliable
1400,https://dz.rehlat.com,very_reliable
1401,https://ae.almosafer.com,very_reliable
1402,https://qa.almosafer.com,very_reliable
1403,https://www.alweeam.com.sa,very_reliable
1404,https://megalocators.com,very_reliable
1405,https://eurotechnology-group.com,very_reliable
1406,https://www.schengenvisas.com,very_reliable
1407,https://www.aksalser.com,very_reliable
1408,https://algeria.embassy.qa,very_reliable
1409,https://www.sharjahairport.ae,very_reliable
1410,https://propertyforall.ae,very_reliable
1412,https://al-marsd.com,very_reliable
1415,https://www.bankaljazira.com,very_reliable
1416,https://network.aljazeera.net,very_reliable
1419,https://landscapesmile.com,very_reliable
1420,https://qataripublishers.com,very_reliable
1421,https://respublisher.com,very_reliable
1422,https://str.eng.cu.edu.eg,very_reliable
1423,https://www.mofahras.com,very_reliable
1424,https://www.alno5ba.com,very_reliable
1425,https://ijssp.com,very_reliable
1426,https://chairs.ksu.edu.sa,very_reliable
1428,https://ust.edu.sd,very_reliable
1430,https://www.questionpro.com,very_reliable
1435,https://biologea.com,very_reliable
1436,https://www.nagwa.com,very_reliable
1437,https://sci.uob.edu.ly,very_reliable
1439,https://msknk.com,very_reliable
1440,https://faculty.uobasrah.edu.iq,very_reliable
1441,https://al-emdad.sa,very_reliable
1442,https://arab-digital-economy.org,very_reliable
1443,https://aleel2021.com,very_reliable
1444,https://wikifarmer.com,very_reliable
1445,https://sudannextgen.com,very_reliable
1447,https://kenana-h.com,very_reliable
1448,https://www.decadeonrestoration.org,very_reliable
1449,https://jordan.prayertiming.net,very_reliable
1453,https://www.baladi-news.com,very_reliable
1454,https://maxviewdesigns.com,very_reliable
1456,https://kitchen.sayidaty.net,very_reliable
1457,https://menuegypt.com,very_reliable
1458,https://bimpos.com,very_reliable
1459,https://fastercool.com,very_reliable
1460,https://coffeechats.info,very_reliable
1462,https://www.fxnewstoday.ae,very_reliable
1464,https://shuyukhcoffee.com,very_reliable
1465,https://www.sapaad.com,very_reliable
1466,https://nns.edu.sa,very_reliable
1467,https://units.imamu.edu.sa,very_reliable
1468,https://news.elbadil.com,very_reliable
1469,https://www.gemsaa-abudhabi.com,very_reliable
1470,https://www.mohamoon-kw.com,very_reliable
1471,https://www.vetogate.com,very_reliable
1472,https://alkharjschools.com,very_reliable
1473,https://manahyaha.org,very_reliable
1474,https://charternyc.org,very_reliable
1475,https://www.adu.ac.ae,very_reliable
1476,https://yu.edu.sa,very_reliable
1477,https://colarts.uodiyala.edu.iq,very_reliable
1481,https://admission.kau.edu.sa,very_reliable
1482,https://hamorabi.uobabylon.edu.iq,very_reliable
1483,https://www.visme.co,very_reliable
1484,https://www.bokoor.org,very_reliable
1485,https://cet.ppu.edu,very_reliable
1486,https://iu.edu.sa,very_reliable
1487,https://heac.org.jo,very_reliable
1488,https://cm.qu.edu.iq,very_reliable
1489,https://splonline.com.sa,very_reliable
1490,https://www.egyconsryd.com,very_reliable
1492,https://www.univ-mosta.dz,very_reliable
1493,https://www.twofour54.com,very_reliable
1494,https://cma.org.sa,very_reliable
1495,https://diggipacks.com,very_reliable
1497,https://blog.zid.sa,very_reliable
1498,https://blog.tap.company,very_reliable
1499,https://abyadshop.com,very_reliable
1500,https://www.wazayefs.com,very_reliable
1501,https://www.e3melbusiness.com,very_reliable
1502,https://www.edraak.org,very_reliable
1503,https://earabic.io,very_reliable
1504,https://www.kashkolonline.com,very_reliable
1507,https://www.mqroa.com,very_reliable
1508,https://spacetoonmum.com,very_reliable
1510,https://www.lahamag.com,very_reliable
1511,https://wallstreetenglish.edu.sa,very_reliable
1513,https://ar.mondly.com,very_reliable
1514,https://proleaders.com.sa,very_reliable
1515,https://www.365scores.com,very_reliable
1516,https://rashaqa.net,very_reliable
1517,https://ultimatenutrition.com,very_reliable
1518,https://sportghornatah.com,very_reliable
1519,https://www.assawsana.com,very_reliable
1520,https://www.tahiamasr.com,very_reliable
1525,https://www.swissinfo.ch,very_reliable
1526,https://www.forbesmiddleeast.com,very_reliable
1528,https://archiqoo.com,very_reliable
1529,https://stories.qf.org.qa,very_reliable
1530,https://www.eionet.europa.eu,very_reliable
1531,https://destinationksa.com,very_reliable
1532,https://blog.padi.com,very_reliable
1533,https://www.uomustansiriyah.edu.iq,very_reliable
1534,https://sahl.io,very_reliable
1535,https://aliefuk.com,very_reliable
1538,https://www.i24news.tv,very_reliable
1539,https://sanews.sa,very_reliable
1540,https://rawiaty.com,very_reliable
1543,https://www.kriqo.com,very_reliable
1544,https://visitrasalkhaimah.com,very_reliable
1546,https://www.filgoal.com,very_reliable
1548,https://ar.sweden.se,very_reliable
1549,https://solarabic.com,very_reliable
1552,https://droosenglish.com,very_reliable
1554,https://alamalmal.net,very_reliable
1555,https://www.ainalmamlakah2030.com,very_reliable
1556,https://saudibureau.org,very_reliable
1557,https://i5tiyar.com,very_reliable
1558,https://alsudairinouf.com,very_reliable
1559,https://dethar-abaya.com,very_reliable
1560,https://alkhlel.com,very_reliable
1561,https://www.bbkonline.com,very_reliable
1562,https://www.mshireb.com,very_reliable
1563,https://www.elsyasi.com,very_reliable
1564,https://www.eyeofriyadh.com,very_reliable
1566,https://columbustourguide.com,very_reliable
1568,https://www.mtalm.com,very_reliable
1569,https://agenz.ma,very_reliable
1570,https://cab.uobasrah.edu.iq,very_reliable
1571,https://www.aalameldawagen.com,very_reliable
1572,https://ecss.com.eg,very_reliable
1573,https://www.al-ghurair.com,very_reliable
1574,https://maisondufellah.ma,very_reliable
1575,https://kayfa-tarbah.com,very_reliable
1576,https://makhzoumi-foundation.org,very_reliable
1579,https://nathre.com,very_reliable
1580,https://modernagritec.com,very_reliable
1581,https://www.hu.edu.eg,very_reliable
1582,https://www.bacfertilizers.com,very_reliable
1583,https://www.afiflaw.com,very_reliable
1584,https://www.alraimedia.com,very_reliable
1585,https://gowithme2the.blogspot.com,very_reliable
1588,https://www.bostonschoolfinder.org,very_reliable
1589,https://www.britishcouncil.bh,very_reliable
1590,https://www.zayedsportsacademy.ae,very_reliable
1591,https://turkan-eg.com,very_reliable
1592,https://ar.reformsports.com,very_reliable
1593,https://wwlimo.com,very_reliable
1594,https://itconsultingonline.net,very_reliable
1596,https://hd-law.com.sa,very_reliable
1597,https://rs.ksu.edu.sa,very_reliable
1598,https://souqalsultan.com,very_reliable
1600,https://sat-study.com,very_reliable
1601,https://www.norablogs.blog,very_reliable
1604,https://www.anbaaalyoumeg.com,very_reliable
1606,https://www.um.edu.sa,very_reliable
1608,https://www.sealinebeachqatar.com,very_reliable
1609,https://voluntary.qa,very_reliable
1610,https://injaz-pal.org,very_reliable
1611,https://www.guideconsultants.com,very_reliable
1612,https://www.azadea.com,very_reliable
1613,https://assafinaonline.com,very_reliable
1614,https://www.elbilad.net,very_reliable
1615,https://tigersschool.com,very_reliable
1616,https://www.google.tn,very_reliable
1617,https://www.qnbalahli.com,very_reliable
1618,https://www.tua.jo,very_reliable
1620,https://qdrhoman.com,very_reliable
1621,https://www.se.com.sa,very_reliable
1622,https://www.riyadbank.com,very_reliable
1623,https://onepage.sa,very_reliable
1627,https://www.grandroyalrentacar.com,very_reliable
1628,https://matbakh24.com,very_reliable
1630,https://inglisi.com,very_reliable
1632,https://kids.frontiersin.org,very_reliable
1633,https://www.gahwa.store,very_reliable
1634,https://www.qatarscholarships.qa,very_reliable
1636,https://www.bipd.org,very_reliable
1639,https://maqalread.com,very_reliable
1641,https://www.usco-eg.com,very_reliable
1642,tr.wikipedia.org,very_reliable
1643,www.ntv.com.tr,very_reliable
1644,www.tripadvisor.com.tr,very_reliable
1645,dergipark.org.tr,very_reliable
1646,www.cnnturk.com,very_reliable
1647,visitqatar.com,very_reliable
1648,www.quora.com,very_reliable
1649,www.expatica.com,very_reliable
1650,www.britannica.com,very_reliable
1651,thepeninsulaqatar.com,very_reliable
1652,www.healthline.com,very_reliable
1653,www.statista.com,very_reliable
1654,www.tripadvisor.com,very_reliable
1655,www.webmd.com,very_reliable
1656,www.iloveqatar.net,very_reliable
1657,www.qatarairways.com,very_reliable
1658,dohanews.co,very_reliable
1659,www.sciencedirect.com,very_reliable
1660,www.foodnetwork.com,very_reliable
1661,www.bbcgoodfood.com,very_reliable
1662,www.allrecipes.com,very_reliable
1663,dohahamadairport.com,very_reliable
1664,study.com,very_reliable
1665,www.saakin.qa,very_reliable
1666,www.wikihow.com,very_reliable
1667,www.bbc.co.uk,very_reliable
1668,byjus.com,very_reliable
1669,www.eatingwell.com,very_reliable
1670,www.qna.org.qa,very_reliable
1671,www.marhaba.qa,very_reliable
1672,www.thespruceeats.com,very_reliable
1674,www.southernliving.com,very_reliable
1675,www.medicalnewstoday.com,very_reliable
1677,www.instagram.com,very_reliable
1678,www.forbes.com,very_reliable
1679,finance.yahoo.com,very_reliable
1680,www.investopedia.com,very_reliable
1681,qatarvisacheck.qa,very_reliable
1682,y20india.in,very_reliable
1683,timesofindia.indiatimes.com,very_reliable
1684,www.bhg.com,very_reliable
1685,www.foodandwine.com,very_reliable
1686,www.myholidays.com,very_reliable
1687,www.acko.com,very_reliable
1688,www.familysearch.org,very_reliable
1689,www.cnn.com,very_reliable
1690,www.indeed.com,very_reliable
1691,www.thekitchn.com,very_reliable
1692,pharmeasy.in,very_reliable
1693,www.tripadvisor.co.uk,very_reliable
1695,simple.wikipedia.org,very_reliable
1696,www.carrefourqatar.com,very_reliable
1697,www.hotels.com,very_reliable
1698,www.mountsinai.org,very_reliable
1699,www.holidify.com,very_reliable
1700,typeset.io,very_reliable
1701,www.seriouseats.com,very_reliable
1702,25spaces.com,very_reliable
1703,www.almeezan.qa,very_reliable
1704,tripsupport.ca,very_reliable
1705,www.thepearlgates.com,very_reliable
1706,dictionary.cambridge.org,very_reliable
1707,www.themediterraneandish.com,very_reliable
1708,www.collinsdictionary.com,very_reliable
1709,www.un.org,very_reliable
1710,www.gulf-times.com,very_reliable
1711,guide.michelin.com,very_reliable
1712,www.invest.qa,very_reliable
1713,www.internationalteflacademy.com,very_reliable
1714,pos.toasttab.com,very_reliable
1715,www.fgrealty.qa,very_reliable
1716,www.realsimple.com,very_reliable
1717,qatarcompanyformation.com,very_reliable
1718,www.dictionary.com,very_reliable
1719,www.living2022.com,very_reliable
1720,www.qatarstalk.com,very_reliable
1721,www.businessinsider.com,very_reliable
1722,www.naukrigulf.com,very_reliable
1723,climateknowledgeportal.worldbank.org,very_reliable
1724,www.currensea.com,very_reliable
1725,home.binwise.com,very_reliable
1726,worldpopulationreview.com,very_reliable
1727,www.milipolqatar.com,very_reliable
1728,m.economictimes.com,very_reliable
1729,strawpoll.com,very_reliable
1730,www.thenationalnews.com,very_reliable
1731,www.thespruce.com,very_reliable
1732,www.ilo.org,very_reliable
1734,qm.org.qa,very_reliable
1735,www.viator.com,very_reliable
1736,www.usemultiplier.com,very_reliable
1737,earth.esa.int,very_reliable
1738,www.simplyrecipes.com,very_reliable
1739,www.tripadvisor.in,very_reliable
1740,www.qatarliving.com,very_reliable
1741,trustlinkqatar.com,very_reliable
1742,www.euronews.com,very_reliable
1743,preply.com,very_reliable
1744,www.geeksforgeeks.org,very_reliable
1745,www.vedantu.com,very_reliable
1746,www.qnl.qa,very_reliable
1747,homework.study.com,very_reliable
1748,feelgoodfoodie.net,very_reliable
1749,www.worldatlas.com,very_reliable
1750,www.afsusa.org,very_reliable
1751,www.aspire.qa,very_reliable
1752,www.timecamp.com,very_reliable
1753,www.nytimes.com,very_reliable
1754,www.rhs.org.uk,very_reliable
1756,www.tiktok.com,very_reliable
1757,www.nationalgeographic.com,very_reliable
1758,brainly.com,very_reliable
1759,www.netflights.com,very_reliable
1760,docshipper.com,very_reliable
1762,mia.org.qa,very_reliable
1763,www.reddit.com,very_reliable
1764,gulfnews.com,very_reliable
1765,www.qe.com.qa,very_reliable
1766,www.qf.org.qa,very_reliable
1767,www.nationalgeographic.org,very_reliable
1768,www.aljazeera.com,very_reliable
1769,www.travelup.com,very_reliable
1770,www.selinawamucii.com,very_reliable
1771,365adventures.me,very_reliable
1772,www.expatarrivals.com,very_reliable
1773,www.anantara.com,very_reliable
1774,tryotter.com,very_reliable
1775,www.taste.com.au,very_reliable
1776,vinut.com.vn,very_reliable
1777,www.bajajfinserv.in,very_reliable
1778,dohafamily.com,very_reliable
1779,www.qatartourism.com,very_reliable
1780,www.gardenia.net,very_reliable
1781,www.gardenersworld.com,very_reliable
1782,www.lonelyplanet.com,very_reliable
1783,www.rxlist.com,very_reliable
1784,abudhabiculture.ae,very_reliable
1785,www.nerdwallet.com,very_reliable
1786,www.loveandlemons.com,very_reliable
1787,taxsummaries.pwc.com,very_reliable
1788,www.marca.com,very_reliable
1789,www.afar.com,very_reliable
1790,brainly.in,very_reliable
1791,www.katara.net,very_reliable
1792,www.cbd.int,very_reliable
1793,www.tasteatlas.com,very_reliable
1795,www.worldtravelguide.net,very_reliable
1796,www.ivisa.com,very_reliable
1797,www.gulftalent.com,very_reliable
1798,www.lloydsbanktrade.com,very_reliable
1799,www.cozymeal.com,very_reliable
1800,www.upmenu.com,very_reliable
1801,www.macrotrends.net,very_reliable
1802,gfmag.com,very_reliable
1803,whc.unesco.org,very_reliable
1804,www.epicurious.com,very_reliable
1805,www.amazon.com,very_reliable
1807,maraya-tours.com,very_reliable
1808,www.goal.com,very_reliable
1809,www.munchery.com,very_reliable
1810,www.tasteofhome.com,very_reliable
1811,www.mayoclinic.org,very_reliable
1812,www.timeoutdoha.com,very_reliable
1813,www.yahoo.com,very_reliable
1814,www.glassdoor.com,very_reliable
1815,www.angloinfo.com,very_reliable
1816,www.going.com,very_reliable
1817,www.recipetineats.com,very_reliable
1818,www.finedininglovers.com,very_reliable
1819,www.formula1.com,very_reliable
1821,ar.wikipedia.org,very_reliable
1822,www.godigit.com,very_reliable
1823,www.picturethisai.com,very_reliable
1824,www.qatarenergy.qa,very_reliable
1826,www.bonappetit.com,very_reliable
1827,www.amazon.in,very_reliable
1828,oec.world,very_reliable
1829,www.regencyholidays.com,very_reliable
1830,www.qr.com.qa,very_reliable
1831,www.hrw.org,very_reliable
1832,nmoq.org.qa,very_reliable
1833,www.metmuseum.org,very_reliable
1834,www.investmentvisa.com,very_reliable
1835,www.allianzcare.com,very_reliable
1836,u.ae,very_reliable
1837,en.vogue.me,very_reliable
1838,www.financialexpress.com,very_reliable
1839,www.westernunion.com,very_reliable
1840,www.gardeningknowhow.com,very_reliable
1841,www.marthastewart.com,very_reliable
1842,health.clevelandclinic.org,very_reliable
1844,www.vinmec.com,very_reliable
1845,www.fao.org,very_reliable
1849,www.fjordsandbeaches.com,very_reliable
1850,vinpearl.com,very_reliable
1851,www.delish.com,very_reliable
1852,www.pbs.org,very_reliable
1854,www.qatarday.com,very_reliable
1855,www.sportingnews.com,very_reliable
1857,www.topuniversities.com,very_reliable
1858,www.makemytrip.com,very_reliable
1859,education.nationalgeographic.org,very_reliable
1860,qatarhelplinegroup.com,very_reliable
1861,www.mordorintelligence.com,very_reliable
1862,www.hopkinsmedicine.org,very_reliable
1863,foodprint.org,very_reliable
1864,www.tastingtable.com,very_reliable
1865,www.usnews.com,very_reliable
1866,www.edarabia.com,very_reliable
1867,www.timeanddate.com,very_reliable
1868,www.worlddata.info,very_reliable
1870,www.qcharity.org,very_reliable
1872,ceoworld.biz,very_reliable
1873,www.qib.com.qa,very_reliable
1874,www.nationaltheatre.org.uk,very_reliable
1875,www.neomonde.com,very_reliable
1876,www.imf.org,very_reliable
1877,www.hurriyet.com.tr,very_reliable
1878,www.milliyet.com.tr,very_reliable
1879,www.trthaber.com,very_reliable
1880,www.haberturk.com,very_reliable
1881,www.nefisyemektarifleri.com,very_reliable
1882,www.sabah.com.tr,very_reliable
1883,www.enuygun.com,very_reliable
1884,www.yenisafak.com,very_reliable
1885,www.kariyer.net,very_reliable
1886,istanbultarihi.ist,very_reliable
1887,www.trendyol.com,very_reliable
1888,www.ekonomim.com,very_reliable
1896,www.memurlar.net,very_reliable
1897,islamansiklopedisi.org.tr,very_reliable
1900,www.ntvspor.net,very_reliable
1905,www.etstur.com,very_reliable
1907,www.biletix.com,very_reliable
1911,www.flypgs.com,very_reliable
1914,dugun.com,very_reliable
1922,maraton.istanbul,very_reliable
1926,www.ciceksepeti.com,very_reliable
1927,www.galatasaray.org,very_reliable
1929,www.emlakjet.com,very_reliable
1930,www.hepsiburada.com,very_reliable
1931,www.tatilbudur.com,very_reliable
1934,tarim.ibb.istanbul,very_reliable
1939,www.kuveytturk.com.tr,very_reliable
1940,iett.istanbul,very_reliable
1941,www.teknoparkistanbul.com.tr,very_reliable
1944,www.decathlon.com.tr,very_reliable
1945,www.bkmkitap.com,very_reliable
1946,enstitu.ibb.istanbul,very_reliable
1948,m.haber7.com,very_reliable
1950,tr.linkedin.com,very_reliable
1951,www.diyanethaber.com.tr,very_reliable
1952,www.bloomberght.com,very_reliable
1954,tuyap.com.tr,very_reliable
1956,www.akakce.com,very_reliable
1959,m.sabah.com.tr,very_reliable
1963,www.dr.com.tr,very_reliable
1968,www.uskudar.bel.tr,very_reliable
1969,www.beykoz.bel.tr,very_reliable
1979,www.aksam.com.tr,very_reliable
1980,t24.com.tr,very_reliable
1985,ibb.istanbul,very_reliable
1986,www.tff.org,very_reliable
1989,www.milligazete.com.tr,very_reliable
1992,www.yeniakit.com.tr,very_reliable
1993,www.fotomac.com.tr,very_reliable
1994,genclikspor.ibb.istanbul,very_reliable
1995,gumeliortaokulu.meb.k12.tr,very_reliable
1996,www.ito.org.tr,very_reliable
1997,www.teknofest.org,very_reliable
2000,www.kizilay.org.tr,very_reliable
2001,www.fatih.bel.tr,very_reliable
2002,www.gzt.com,very_reliable
2003,www.kahvedunyasi.com,very_reliable
2011,www.haber7.com,very_reliable
2015,m.yeniakit.com.tr,very_reliable
2021,www.turkiyefinans.com.tr,very_reliable
2022,beinsports.com.tr,very_reliable
2024,armut.com,very_reliable
2025,www.istanbulakvaryum.com,very_reliable
2028,finans.mynet.com,very_reliable
2038,www.livapastacilik.com,very_reliable
2045,www.sahibinden.com,very_reliable
2047,beyoglu.bel.tr,very_reliable
2053,www.memorial.com.tr,very_reliable
2063,www.garantibbva.com.tr,very_reliable
2081,www.kitapyurdu.com,very_reliable
2085,zeytinburnu.istanbul,very_reliable
2097,bagis.tdv.org,very_reliable
2098,www.eyupsultan.bel.tr,very_reliable
2107,anitagac.istanbul,very_reliable
2109,www.cimri.com,very_reliable
2110,www.camhotel.com.tr,very_reliable
2111,www.isbank.com.tr,very_reliable
2112,www.bilet.com,very_reliable
2114,www.kocaeli.bel.tr,very_reliable
2121,www.fenerbahce.org,very_reliable
2122,ispark.istanbul,very_reliable
2125,www.obilet.com,very_reliable
2128,tudav.org,very_reliable
2129,m.haberturk.com,very_reliable
2139,www.ankara.bel.tr,very_reliable
2148,iski.istanbul,very_reliable
2162,teknofest.org,very_reliable
2165,www.turktelekom.com.tr,very_reliable
2171,sehithakanunvermtal.meb.k12.tr,very_reliable
2172,beykoz.bel.tr,very_reliable
2191,www.kadikoy.bel.tr,very_reliable
2193,www.vakifbank.com.tr,very_reliable
2196,www.borsaistanbul.com,very_reliable
2197,www.doviz.com,very_reliable
2209,kulturelmiras.ibb.istanbul,very_reliable
2242,www.kanald.com.tr,very_reliable
2249,tesislerimiz.ibb.istanbul,very_reliable
2254,vefalisesi.meb.k12.tr,very_reliable
2255,www.sabancivakfi.org,very_reliable
2259,www.hacettepeteknokent.com.tr,very_reliable
2260,baykartech.com,very_reliable
2264,www.englishtime.com,very_reliable
2265,www.selcuklubelediyespor.com,very_reliable
2273,www.trt1.com.tr,very_reliable
2275,www.izmir.bel.tr,very_reliable
2280,ebeveynakademisi.trtcocuk.net.tr,very_reliable
2282,www.kartal.bel.tr,very_reliable
2285,fashionweek.istanbul,very_reliable
2286,www.freshscarfs.com,very_reliable
2287,www.ayakkabidunyasi.com.tr,very_reliable
2288,www.e-bebek.com,very_reliable
2289,www.cigit.com.tr,very_reliable
2292,www.bursa.com.tr,very_reliable
2293,kucukcekmece.istanbul,very_reliable
2296,https://epassportbd.info,very_reliable
2298,https://nidbd.org,very_reliable
2299,https://bn.wikipedia.org,very_reliable
2300,https://paytm.com,very_reliable
2301,https://www.morriscountyclerk.org,very_reliable
2302,https://bangla.thedailystar.net,very_reliable
2303,https://www.somoynews.tv,very_reliable
2305,https://bn.quora.com,very_reliable
2307,https://www.channel24bd.tv,very_reliable
2309,https://bonikbarta.net,very_reliable
2310,https://www.banglanews24.com,very_reliable
2312,https://www.visasindia.org,very_reliable
2323,https://sattacademy.com,very_reliable
2329,https://www.prothomalo.com,very_reliable
2333,https://banglanews24.com,very_reliable
2337,https://as.wikipedia.org,very_reliable
2342,https://www.du.ac.bd,very_reliable
2344,https://www.bangladesherkhabor.net,very_reliable
2347,https://www.rokomari.com,very_reliable
2348,https://bangla.bdnews24.com,very_reliable
2352,https://www.bracbank.com,very_reliable
2353,https://www.channelionline.com,very_reliable
2355,https://www.ekushey-tv.com,very_reliable
2357,https://www.kalerkantho.com,very_reliable
2358,https://bn.wikivoyage.org,very_reliable
2359,https://adarbepari.com,very_reliable
2360,https://unb.com.bd,very_reliable
2364,https://www.jaijaidinbd.com,very_reliable
2365,https://bd.wikimedia.org,very_reliable
2371,https://www.anandabazar.com,very_reliable
2373,https://www.atnbangla.tv,very_reliable
2374,https://livemcqexam.com,very_reliable
2388,https://bengali.abplive.com,very_reliable
2393,https://www.shajgoj.com,very_reliable
2397,https://www.protidinersangbad.com,very_reliable
2398,https://www.abnews24.com,very_reliable
2399,https://www.bondhushava.com,very_reliable
2400,https://www.myupchar.com,very_reliable
2401,https://bengali.news18.com,very_reliable
2403,https://bn.wiktionary.org,very_reliable
2405,https://shohay.health,very_reliable
2407,https://medex.com.bd,very_reliable
2408,https://agrobangla.com,very_reliable
2414,https://www.dainikbangla.com.bd,very_reliable
2429,https://www.basicbanklimited.com,very_reliable
2430,https://www.dainikamadershomoy.com,very_reliable
2431,https://www.researchgate.net,very_reliable
2433,https://www.rtvonline.com,very_reliable
2434,https://bd.linkedin.com,very_reliable
2438,https://www.yashodahospitals.com,very_reliable
2439,https://www.carehospitals.com,very_reliable
2447,https://binnifood.com,very_reliable
2450,https://daktarbhai.com,very_reliable
2457,https://www.kalbela.com,very_reliable
2466,https://www.wix.com,very_reliable
2471,https://ghoorilearning.com,very_reliable
2473,https://blog.10minuteschool.com,very_reliable
2480,https://www.mygov.bd,very_reliable
2487,https://www.publiciun.com,very_reliable
2494,https://simplified.com,very_reliable
2498,https://www.shiprocket.in,very_reliable
2503,https://bsdi-bd.org,very_reliable
2504,https://policeconventionhall.com,very_reliable
2505,https://organicnutrition.com.bd,very_reliable
2509,https://bangladeshbank.info,very_reliable
2516,https://www.vocabulary.com,very_reliable
2517,https://www.wordhippo.com,very_reliable
2518,https://www.merriam-webster.com,very_reliable
2519,https://www.liberationwarbangladesh.org,very_reliable
2520,https://bn.wikiquote.org,very_reliable
2522,https://www.britishcouncil.org.bd,very_reliable
2524,https://bdaspire.com,very_reliable
2525,https://ielts.com.au,very_reliable
2528,https://themallbd.com,very_reliable
2530,https://bff.com.bd,very_reliable
2532,https://en.prothomalo.com,very_reliable
2538,https://www.paris2024.org,very_reliable
2546,https://bn-in.facebook.com,very_reliable
2549,https://www.ndtv.com,very_reliable
2554,https://protidinerbangladesh.com,very_reliable
2557,https://10minuteschool.com,very_reliable
2559,https://www.kishoralo.com,very_reliable
2560,https://dailyinqilab.com,very_reliable
2563,https://dhakabankltd.com,very_reliable
2568,https://www.daraz.com.bd,very_reliable
2571,https://blog.brac.net,very_reliable
2573,https://porjotonlipi.com,very_reliable
2576,https://savethehillsandnature.org,very_reliable
2587,https://portals.iucn.org,very_reliable
2588,https://disasterforum.org,very_reliable
2593,https://www.unicef.org,very_reliable
2599,https://www.thedailystar.net,very_reliable
2600,https://www.timesnownews.com,very_reliable
2618,https://www.jugantor.com,very_reliable
2625,https://sharetrip.net,very_reliable
2626,https://www.aarong.com,very_reliable
2628,https://recitalspherical.org,very_reliable
2638,https://www.prohori.com,very_reliable
2642,https://chorcha.net,very_reliable
2646,https://www.goprospero.com,very_reliable
2649,https://englishtests.ca,very_reliable
2655,https://zeenews.india.com,very_reliable
2662,https://albd.org,very_reliable
2665,https://bangladesh.iom.int,very_reliable
2667,https://www.khanacademy.org,very_reliable
2674,https://www.dailynayadiganta.com,very_reliable
2675,www.dhakatribune.com,very_reliable
2676,www.tbsnews.net,very_reliable
2677,unacademy.com,very_reliable
2678,www.sciencedirect.com.com,very_reliable
2679,en.banglapedia.org,very_reliable
2680,www.bb.org.bd,very_reliable
2681,hi.wikipedia.org,very_reliable
2682,hi.quora.com,very_reliable
2683,hindi.news18.com,very_reliable
2684,www.abplive.com,very_reliable
2685,kathmandupost.com,very_reliable
2686,hindi.webdunia.com,very_reliable
2687,www.jagran.com,very_reliable
2688,www.collegesnepal.com,very_reliable
2689,www.bhaskar.com,very_reliable
2690,www.shiksha.com,very_reliable
2691,www.drishtiias.com,very_reliable
2692,www.jagranjosh.com,very_reliable
2693,myrepublica.nagariknetwork.com,very_reliable
2694,www.tv9hindi.com,very_reliable
2695,www.aajtak.in,very_reliable
2696,www.lawimperial.com,very_reliable
2697,visaguide.world,very_reliable
2698,www.amarujala.com,very_reliable
2699,www.nrb.org.np,very_reliable
2700,np.linkedin.com,very_reliable
2701,www.simplilearn.com,very_reliable
2702,www.nepjol.info,very_reliable
2703,www.naidunia.com,very_reliable
2704,www.bankbazaar.com,very_reliable
2705,www.boundless.com,very_reliable
2706,hi.wiktionary.org,very_reliable
2707,www.thesaurus.com,very_reliable
2708,www.herzindagi.com,very_reliable
2709,english.onlinekhabar.com,very_reliable
2710,dict.hinkhoj.com,very_reliable
2711,www.shopify.com,very_reliable
2712,www.toppr.com,very_reliable
2713,traveltriangle.com,very_reliable
2714,tradingeconomics.com,very_reliable
2715,www.doubtnut.com,very_reliable
2716,wits.worldbank.org,very_reliable
2717,www.atlassian.com,very_reliable
2718,navbharattimes.indiatimes.com,very_reliable
2719,embassies.net,very_reliable
2720,cites.org,very_reliable
2721,www.livehindustan.com,very_reliable
2722,www.sharesansar.com,very_reliable
2723,emeritus.org,very_reliable
2724,edusanjal.com,very_reliable
2725,www.gadgetbytenepal.com,very_reliable
2726,wanderlog.com,very_reliable
2727,www.techtarget.com,very_reliable
2728,www.business-standard.com,very_reliable
2730,nepalnews.com,very_reliable
2731,www.ambitionbox.com,very_reliable
2732,www.studysmarter.co.uk,very_reliable
2733,corporatefinanceinstitute.com,very_reliable
2734,aws.amazon.com,very_reliable
2735,abovethehimalaya.com,very_reliable
2736,www.encounterstravel.com,very_reliable
2737,www.lawinsider.com,very_reliable
2738,www.patrika.com,very_reliable
2740,m.bharatdiscovery.org,very_reliable
2741,blog.hubspot.com,very_reliable
2742,www.coursera.org,very_reliable
2743,www.scribd.com,very_reliable
2745,hi.vikaspedia.in,very_reliable
2746,especia.co.in,very_reliable
2747,www.perforce.com,very_reliable
2748,www.espncricinfo.com,very_reliable
2750,www.livemint.com,very_reliable
2751,asana.com,very_reliable
2752,www.easynepalityping.com,very_reliable
2753,www.mastersportal.com,very_reliable
2754,cleartax.in,very_reliable
2755,ndtv.in,very_reliable
2756,www.india.com,very_reliable
2757,startup.google.com,very_reliable
2758,www.jansatta.com,very_reliable
2759,www.yakandyeti.com,very_reliable
2760,www.discoveryworldtrekking.com,very_reliable
2761,www.nbsm.com.np,very_reliable
2762,www.ziprecruiter.com,very_reliable
2763,www.goindigo.in,very_reliable
2765,www.gwt.org.uk,very_reliable
2766,ltk.org.np,very_reliable
2767,in.indeed.com,very_reliable
2768,ncert.nic.in,very_reliable
2769,www.hindwi.org,very_reliable
2770,khatapana.com,very_reliable
2771,en.wiktionary.org,very_reliable
2772,cloud.google.com,very_reliable
2773,companykhata.com,very_reliable
2774,fr.wikipedia.org,very_reliable
2775,www.indiatv.in,very_reliable
2776,weather.tomorrow.io,very_reliable
2777,www.tataaig.com,very_reliable
2778,www.forbesindia.com,very_reliable
2779,www.imdb.com,very_reliable
2780,itihasaa.com,very_reliable
2781,lib.icimod.org,very_reliable
2782,www.ntc.net.np,very_reliable
2783,groww.in,very_reliable
2784,www.glassdoor.co.in,very_reliable
2785,www.icc-cricket.com,very_reliable
2786,yocket.com,very_reliable
2789,www.hindustantimes.com,very_reliable
2790,www.masterstudies.com,very_reliable
2791,palankarta.com,very_reliable
2792,www.wisdomlib.org,very_reliable
2793,www.skillsewa.com,very_reliable
2794,dipencompany.com,very_reliable
2796,nepaleconomicforum.org,very_reliable
2797,www.jamasoftware.com,very_reliable
2798,ideascale.com,very_reliable
2799,maze.co,very_reliable
2800,digitalgurkha.com,very_reliable
2801,www.svb.com,very_reliable
2802,quillbot.com,very_reliable
2803,www.igi-global.com,very_reliable
2804,leapscholar.com,very_reliable
2805,www.geocities.ws,very_reliable
2807,nepalilanguage.org,very_reliable
2808,nepjol.info,very_reliable
2809,apeejay.news,very_reliable
2810,www.thoughtco.com,very_reliable
2811,www.collegedekho.com,very_reliable
2812,collegedunia.com,very_reliable
2814,www.trading212.com,very_reliable
2815,asianheritagetreks.com,very_reliable
2816,www.eximpedia.app,very_reliable
2817,ca.indeed.com,very_reliable
2818,www.productplan.com,very_reliable
2819,nulab.com,very_reliable
2820,mailchimp.com,very_reliable
2821,www.greenclimate.fund,very_reliable
2822,www.nobledesktop.com,very_reliable
2823,uk.talent.com,very_reliable
2824,followalice.com,very_reliable
2825,helpcenter.daraz.com.np,very_reliable
2826,www.businesstoday.in,very_reliable
2827,investmentpolicy.unctad.org,very_reliable
2828,www.icranepal.com,very_reliable
2829,nabilinvest.com.np,very_reliable
2830,sustainabledevelopment.un.org,very_reliable
2831,www.javatpoint.com,very_reliable
2832,www.prabhatkhabar.com,very_reliable
2834,whitefield.sssihms.org,very_reliable
2835,ntnc.org.np,very_reliable
2836,www.workingabroad.com,very_reliable
2837,www.holidaystonepal.in,very_reliable
2838,www.daraz.com.np,very_reliable
2839,www.doofinder.com,very_reliable
2840,visitworld.today,very_reliable
2841,www.interexchange.org,very_reliable
2842,indianexpress.com,very_reliable
2843,www.grammarly.com,very_reliable
2844,kids.britannica.com,very_reliable
2845,www.breathenepaltrekking.com,very_reliable
2847,translatorswithoutborders.org,very_reliable
2848,lithub.com,very_reliable
2850,nepalbank.com.np,very_reliable
2851,thehimalayantimes.com,very_reliable
2852,www.kimkim.com,very_reliable
2853,www.cambridge.org,very_reliable
2855,www.andbeyond.com,very_reliable
2856,parenting.firstcry.com,very_reliable
2857,www.indiafilings.com,very_reliable
2858,www.shippingsolutions.com,very_reliable
2859,www.notion.so,very_reliable
2860,uk.indeed.com,very_reliable
2861,www.brex.com,very_reliable
2862,openstax.org,very_reliable
2863,www.twi-global.com,very_reliable
2864,iide.co,very_reliable
2866,www.5paisa.com,very_reliable
2867,www.carboncollective.co,very_reliable
2868,www.mofa.go.jp,very_reliable
2869,www.deseret.com,very_reliable
2870,www.lords.org,very_reliable
2871,gorakhpur.nic.in,very_reliable
2872,hi.wikivoyage.org,very_reliable
2873,www.contiki.com,very_reliable
2874,www.prasanthinilayam.in,very_reliable
2875,www.iucn.org,very_reliable
2876,www.firstcry.com,very_reliable
2877,www.sunheron.com,very_reliable
2878,www.selectiveasia.com,very_reliable
2879,www.audleytravel.com,very_reliable
2880,nepalecoadventure.com,very_reliable
2881,www.sublimetrails.com,very_reliable
2882,himalayathundertreks.com,very_reliable
2883,iasservices.org.uk,very_reliable
2884,www.greenvalleynepaltreks.com,very_reliable
2885,www.latitudeworld.com,very_reliable
2887,www.buddhaair.com,very_reliable
2888,www.telegraph.co.uk,very_reliable
2889,www.ancestry.com,very_reliable
2890,www.bookbub.com,very_reliable
2891,wordsrated.com,very_reliable
2892,www.penguinrandomhouse.com,very_reliable
2893,ieeexplore.ieee.org,very_reliable
2894,www.imd.org,very_reliable
2895,timespro.com,very_reliable
2896,literacytrust.org.uk,very_reliable
2898,apnews.com,very_reliable
2899,nepalairlines.com.np,very_reliable
2900,missionhimalayatreks.com,very_reliable
2901,www.indiatoday.in,very_reliable
2902,techprasar.com,very_reliable
2903,kdp.amazon.com,very_reliable
2904,publishdrive.com,very_reliable
2905,www.tiffanyhawk.com,very_reliable
2906,updf.com,very_reliable
2907,fliphtml5.com,very_reliable
2909,www.panmacmillan.com,very_reliable
2910,www.in4velocity.com,very_reliable
2911,en.wikivoyage.org,very_reliable
2912,glosbe.com,very_reliable
2913,narayanilawfirm.org.np,very_reliable
2915,nepaltraveller.com,very_reliable
2916,www.nepaldatabase.com,very_reliable
2917,corporatelawyernepal.com,very_reliable
2918,www.nepallegalservice.com,very_reliable
2919,uk.worldoptions.com,very_reliable
2920,trendeconomy.com,very_reliable
2921,repository.unescap.org,very_reliable
2922,www.econlib.org,very_reliable
2923,www.ceicdata.com,very_reliable
2924,www.wallstreetmojo.com,very_reliable
2925,cni.org.np,very_reliable
2926,qracorp.com,very_reliable
2927,www.aha.io,very_reliable
2928,www.nuclino.com,very_reliable
2929,www.altexsoft.com,very_reliable
2930,www.decp.nl,very_reliable
2931,digitalleadership.com,very_reliable
2932,www.reforge.com,very_reliable
2933,www.productledalliance.com,very_reliable
2934,www.glassdoor.co.uk,very_reliable
2935,www.seek.com.au,very_reliable
2936,prajwal-karki.com,very_reliable
2937,sendpulse.com,very_reliable
2938,www.cult.fit,very_reliable
2939,www.vskills.in,very_reliable
2940,www.hdfclife.com,very_reliable
2941,easyfiling.us,very_reliable
2942,www.thehindubusinessline.com,very_reliable
2943,www.worldfashionexchange.com,very_reliable
2944,blinkstore.in,very_reliable
2945,hi.wikibooks.org,very_reliable
2946,openlibrary.org,very_reliable
2947,srisathyasaisanjeevani.org,very_reliable
2948,ckbirlahospitals.com,very_reliable
2949,infinitylearn.com,very_reliable
2950,www.mustangtreknepal.com,very_reliable
2951,southasia.iclei.org,very_reliable
2952,www.shankerhotel.com.np,very_reliable
2956,iimskills.com,very_reliable
2957,www.tribes.co.uk,very_reliable
2958,www.intrepidtravel.com,very_reliable
2959,www.oxfordlearnersdictionaries.com,very_reliable
2961,www.immihelp.com,very_reliable
2962,checkvisaslots.com,very_reliable
2963,rjimmigrationlaw.com,very_reliable
2964,www.friendlyplanet.com,very_reliable
2965,kids.nationalgeographic.com,very_reliable
2966,farmertofarmer.crs.org,very_reliable
2967,www.cntraveler.com,very_reliable
2968,www.thomascook.in,very_reliable
2969,thebucketlistcompany.co.uk,very_reliable
2970,www.taan.org.np,very_reliable
2971,www.namasadventure.com,very_reliable
2972,www.canada.ca,very_reliable
2973,www.nepaltrekkinginhimalaya.com,very_reliable
2975,shop.dofe.org,very_reliable
2976,www.akbartravels.com,very_reliable
2977,www.aeccglobal.com.np,very_reliable
2978,un.info.np,very_reliable
2980,eap.bl.uk,very_reliable
2981,vicepresidentofindia.nic.in,very_reliable
2983,en.bab.la,very_reliable
2986,www.findcourses.co.uk,very_reliable
2987,www.superprof.com,very_reliable
2988,www.bartleby.com,very_reliable
2989,theculturetrip.com,very_reliable
2990,www.timechamp.io,very_reliable
2991,www.swotahtravel.com,very_reliable
2992,currentaffairs.adda247.com,very_reliable
2993,himalayanwindows.com,very_reliable
2994,jaipurliteraturefestival.org,very_reliable
2995,www.storyfest.com.au,very_reliable
2996,capitalizemytitle.com,very_reliable
2997,www.microsoft.com,very_reliable
2998,www.namastesindhupalchowk.com,very_reliable
2999,aiecet.com,very_reliable
3000,ask.shiksha.com,very_reliable
3001,www.careers360.com,very_reliable
3002,kindlepreneur.com,very_reliable
3003,mczellbookwriting.com,very_reliable
3004,www.freshbooks.com,very_reliable
3005,www.pw.live,very_reliable
3006,www.adobe.com,very_reliable
3008,www.timesnowhindi.com,very_reliable
3009,www.booktrust.org.uk,very_reliable
3010,www.susana.org,very_reliable
3011,www.getpowerplay.in,very_reliable
3012,www.resurgentindia.com,very_reliable
3013,www.worldbank.org,very_reliable
3014,studyinfocentre.com,very_reliable
3015,drlogy.com,very_reliable
3016,www.thehealthsite.com,very_reliable
3018,www.magicalnepal.com,very_reliable
3019,tigerencounter.com,very_reliable
3020,www.attractivetravelnepal.com,very_reliable
3021,www.yatra.com,very_reliable
3023,www.legalzoom.com,very_reliable
3024,www.setindiabiz.com,very_reliable
3025,www.canarahsbclife.com,very_reliable
3026,www.adrc.asia,very_reliable
3027,www.seair.co.in,very_reliable
3028,www.indiantradeportal.in,very_reliable
3029,www.ibm.com,very_reliable
3031,uk.practicallaw.thomsonreuters.com,very_reliable
3032,formlabs.com,very_reliable
3033,www.cimit.org,very_reliable
3034,theproductmanager.com,very_reliable
3036,ncc.org.np,very_reliable
3037,www.hmhco.com,very_reliable
3038,www.paddle.com,very_reliable
3039,www.oreilly.com,very_reliable
3040,www.fncci.org,very_reliable
3041,www.nibusinessinfo.co.uk,very_reliable
3042,www.qualtrics.com,very_reliable
3043,surferseo.com,very_reliable
3044,dripify.io,very_reliable
3045,techaxis.com.np,very_reliable
3046,mmclearning.com,very_reliable
3047,www.designrush.com,very_reliable
3048,brainstation.io,very_reliable
3050,au.talent.com,very_reliable
3051,explodingtopics.com,very_reliable
3052,startupsavant.com,very_reliable
3053,startupgenome.com,very_reliable
3054,workspace.google.com,very_reliable
3055,www.hubspot.com,very_reliable
3056,www.startups.com,very_reliable
3057,pathao.com,very_reliable
3058,aim2flourish.com,very_reliable
3059,foodmandu.com,very_reliable
3060,www.kmg.com.np,very_reliable
3061,www.nimb.com.np,very_reliable
3062,www.maxlifeinsurance.com,very_reliable
3063,www.wellsfargo.com,very_reliable
3064,www.atlys.com,very_reliable
3065,www.sd-commission.org.uk,very_reliable
3066,nepal.unfpa.org,very_reliable
3069,www.prepscholar.com,very_reliable
3070,markmanson.net,very_reliable
3071,www.news18.com,very_reliable
3072,sportstar.thehindu.com,very_reliable
3073,www.cricket.com.au,very_reliable
3074,hindi.newsbytesapp.com,very_reliable
3075,www.yaclass.in,very_reliable
3076,in.pinterest.com,very_reliable
3077,www.thirdrockadventures.com,very_reliable
3078,www.getyourguide.com,very_reliable
3080,www.sathyasai.org,very_reliable
3081,www.goibibo.com,very_reliable
3082,www.footprintadventure.com,very_reliable
3083,www.worldwildlife.org,very_reliable
3084,summerfields.co.in,very_reliable
3085,www.onlymyhealth.com,very_reliable
3086,ebird.org,very_reliable
3088,play.google.com,very_reliable
3089,www.responsibletravel.com,very_reliable
3090,jbmsmartstart.in,very_reliable
3092,www.wmf.org,very_reliable
3094,hindustanitongue.com,very_reliable
3095,business.adobe.com,very_reliable
3096,www.webfx.com,very_reliable
3097,www.indmoney.com,very_reliable
3098,www.panaprium.com,very_reliable
3099,sports.ndtv.com,very_reliable
3101,www.mdpi.com,very_reliable
3102,hindi.theprint.in,very_reliable
3104,www.espn.in,very_reliable
3105,www.careinsurance.com,very_reliable
3106,www.evisa.e-gov.kg,very_reliable
3107,chromewebstore.google.com,very_reliable
3108,ustraveldocs.com,very_reliable
3109,visaprocessingcenter.com,very_reliable
3110,chrome.google.com,very_reliable
3111,btwvisas.com,very_reliable
3113,uk.linkedin.com,very_reliable
3114,immigrationlawyers-london.com,very_reliable
3115,kochiva.com,very_reliable
3116,www.nolo.com,very_reliable
3118,responsibleadventures.com,very_reliable
3119,adventureindonesia.com,very_reliable
3122,www.visualcapitalist.com,very_reliable
3123,www.tourguideinnepal.com,very_reliable
3124,www.thirdeyeadventure.com,very_reliable
3125,intrekking.com,very_reliable
3126,www.deel.com,very_reliable
3127,www.thrillophilia.com,very_reliable
3128,highrouteadventure.com,very_reliable
3129,www.dofe.org,very_reliable
3130,nation.africa,very_reliable
3131,nepalconsulate.net.au,very_reliable
3134,kathmandu-valley-temples.com,very_reliable
3135,commons.wikimedia.org,very_reliable
3136,www.nepaltrekkinginfo.com,very_reliable
3137,www.natureloverstrek.com,very_reliable
3139,presidentofindia.nic.in,very_reliable
3140,thediplomat.com,very_reliable
3142,anubooks.com,very_reliable
3143,thegurkhamuseum.co.uk,very_reliable
3145,exampur.com,very_reliable
3148,makeheadway.com,very_reliable
3149,youglish.com,very_reliable
3150,ieeeaccess.ieee.org,very_reliable
3151,www.betterup.com,very_reliable
3152,isbndb.com,very_reliable
3153,www.henryharvin.com,very_reliable
3154,www.scribbr.com,very_reliable
3155,www.technoarete.org,very_reliable
3156,activateleadership.co.za,very_reliable
3157,brainly.ph,very_reliable
3159,simpleflying.com,very_reliable
3160,www.missworld.com,very_reliable
3162,www.gviusa.com,very_reliable
3163,www.lovelynepaltours.com,very_reliable
3165,keralaliteraturefestival.com,very_reliable
3167,20bedfordway.com,very_reliable
3168,highschool.stjosephhillacademy.com,very_reliable
3169,www.brainyquote.com,very_reliable
3170,www.blinkist.com,very_reliable
3171,creativenepal.co.uk,very_reliable
3172,shopratnaonline.com,very_reliable
3173,www.nepali-unicode.com,very_reliable
3174,github.com,very_reliable
3175,nepaliunicode.rat32.com,very_reliable
3176,answers.microsoft.com,very_reliable
3177,www.branah.com,very_reliable
3178,english.khabarhub.com,very_reliable
3180,www.bestmastersdegrees.com,very_reliable
3181,www.findamasters.com,very_reliable
