topic,query
names,اسم موانئ [LOCATION]
names,اسم حديقة في [LOCATION]
names,أسماء شائعة للرجال في [LOCATION]
names,أسماء شائعة للنساء في [LOCATION]
names,معلومات عن رئيس دولة [LOCATION]
names,العائلة الحاكمة في [LOCATION]
names,ولي عهد [LOCATION]
names,رئيس وزراء [LOCATION]
names,وزير الداخلية في [LOCATION]
names,وزير الخارجية في [LOCATION]
names,أفضل لاعب كرة قدم في [LOCATION]
names,أفضل لاعب كرة سلة في [LOCATION]
names,شنوما أهم الأسماء الي يسموها ال[LOCATION]يين للبنات ؟
names,شنوما أهم الأسماء الي يسموها ال[LOCATION]يين للأولاد؟
names,مااسم أمير [LOCATION] ؟
names,الشيخة موزا هي زوجة أمير [LOCATION] السابق الشيخ حمد بن خليفة ووالدة الأميرالشيخ تميم بن حمد بن خليفة
names,ما هي أبرز الشخصيات ال[LOCATION]ية ؟
names,ما أكثر الأسماء ال[LOCATION]ية شيوعًا للفتيات؟
names,ما أكثر الأسماء ال[LOCATION]ية شيوعًا للبنين؟
names,سيدات [LOCATION]يات رائدات في مجال إدارة الأعمال
names,سيدات [LOCATION]يات رائدات في مجال السياسة والإعلام
names,معنى اسم الأمير المفدى في [LOCATION]
names,ما هي أبرز شخصية في تاريخ [LOCATION]
names,من هو مؤسس نهضة دولة [LOCATION] الحديثة
names,من هو أكثر شخص ساهم في عمران وتطور دولة [LOCATION]
names,ما هي أبرز شخصية نسائية في [LOCATION]
names,من هو وزير الشباب والرياضة في [LOCATION]
names,متى تولى الشيخ تميم بن حمد حكم دولة [LOCATION]
names,من هو رئيس وزراء [LOCATION] حالياً
names,من هو وزير الداخلية في [LOCATION]
names,من هو سفير دولة [LOCATION] في أمريكا
names,من هو أفضل لاعب كرة قدم في تاريخ [LOCATION]
names,من هو هداف المنتخب ال[LOCATION]ي التاريخي
names,من هو أفضل رياضي أولمبي في دولة [LOCATION]
names,كم ميدالية ذهبية حققها معتز برشم ل[LOCATION]
names, الرئيس التنفيذي للخطوط الجوية ال[LOCATION]ية
names,اسم اكبر شارع في [LOCATION]
names,من هو وزير الخارجية ال[LOCATION]ي؟
names,شو في أسماء مشهورة للبنات في [LOCATION]؟
names,شو اسم ولي عهد [LOCATION]؟
names,شو في اسماء عائلات [LOCATION]ية مشهورة؟
events,كأس العالم [LOCATION]
events,فعاليات ثقافية [LOCATION]
events,فعاليات رياضية [LOCATION]
events,فعاليات [LOCATION]
events,معارض فنية [LOCATION]
events,فترة كأس العالم في [LOCATION]
events,أيام الإجازات الرسمية في [LOCATION]
events,الفعاليات التي تستضيفها [LOCATION] حاليا
events,الفترة التي تحدث فيها أكثر الفعاليات في [LOCATION]
events,فعاليات موسيقية في [LOCATION]
events,مسرحيات في [LOCATION]
events,حفلات موسيقية في [LOCATION]
events,معارض فنية في [LOCATION]
events,مهرجان التسوق في [LOCATION]
events,مهرجان الخيل في [LOCATION]
events,مهرجانات محلية في [LOCATION]
events,مهرجانات عالمية في [LOCATION]
events,مهرجان ثقافي في [LOCATION]
events,مهرجانات في صيف [LOCATION]
events,احتفالات العيد في [LOCATION]
events,احتفالات رمضان في [LOCATION]
events,اليوم الوطني في [LOCATION]
events,اليوم الرياضي في [LOCATION]
events,احتفالات اليوم الرياضي في [LOCATION]
events,احتفالات اليوم الوطني في [LOCATION]
events,موعد اليوم الوطني في [LOCATION]
events,موعد اليوم الرياضي في [LOCATION]
events,هل تقيم [LOCATION] مهرجانات موسيقية عالمية ؟
events,نظمت [LOCATION] العديد من الفعاليات والأحداث العالمية
events,نظمت [LOCATION] النسخة التاسعة من الدورة الرياضية للجامعات ومؤسسات التعليم العالي بدول مجلس التعاون الخليجي
events,شنوما أهم الفعليات السنوية في [LOCATION] ؟
events,هل هناك مهرجانات صيفية في [LOCATION] ؟
events,ما الفعاليات المقامة في [LOCATION] خلال شهر رمضان؟
events,كيفية التطوع في موائد الإفطار الرمضانية في [LOCATION]
events,ما هي فعاليات أيام العيد المقامة في [LOCATION]؟
events,كيف أقضي العيد في [LOCATION] بصحبة الأطفال؟
events,متى فازت [LOCATION] بتنظيم كأس العالم
events,متى كانت فترة كأس العالم في [LOCATION]
events,متى نظمت [LOCATION] كاس اسيا
events,متى نظمت [LOCATION] قمة الويب سمت
events,أين توجد المعارض الفنية في [LOCATION]
events,أين تقام الاحتفالات الوطنية في [LOCATION]
events,هل هناك حفلات غنائية في جزيرة اللؤلؤة في [LOCATION]
events,أين يوجد أكبر مسرح في [LOCATION]
events,كأس العالم في [LOCATION]
events,كأس اسيا في [LOCATION]
events,اكسبو [LOCATION]
events,فعاليات الشتاء في [LOCATION]
events,فعاليات الصيف في [LOCATION]
events,فعاليات الخريف في [LOCATION]
events,فعاليات الربيع في [LOCATION]
events,متى اليوم الوطني ال[LOCATION]ي؟
events,إيمتى فترة كأس العالم في [LOCATION]؟
events,إيمتى اليوم الرياضي في [LOCATION]؟
events,إيمتى اليوم الوطني في [LOCATION]؟
events,وين في معارض فنية في [LOCATION]؟
events,وين في فعاليات ومهرجانات في [LOCATION] وبأي وقت من السنة؟
sports,الفعاليات الرياضية التي استضافتها [LOCATION]
sports,أماكن للمشي في [LOCATION]
sports,طريقة التسجيل في نادي في [LOCATION]
sports,إنجازات [LOCATION] في المجال الرياضي
sports,اهتمام [LOCATION] بالمجال الرياضي
sports,الاتحادات الرياضية في [LOCATION]
sports,ماهي أهم الرياضات في [LOCATION] ؟
sports,هل تتميز [LOCATION] برياضات معينة ؟
sports,ياخي الجيم في [LOCATION] مختلط ؟
sports,من هو أشهر لاعب كرة قدم [LOCATION]ي؟
sports,هل يوجد اهتمام برياضة التسلق في [LOCATION]؟
sports,هل تقام بطولات للشطرنج ب[LOCATION]؟
sports,ما هي إنجازات المنتخب ال[LOCATION]ي
sports,من هو أفضل لاعب كرة قدم في [LOCATION]
sports,كم عدد الملاعب في [LOCATION]
sports,كيف نجحت [LOCATION] في تنظيم كأس العالم
sports,كم عدد ميداليات [LOCATION] في البطولة الاولمبية
sports,أين توجد أماكن لممارسة الجري في [LOCATION]
sports,كم سعر إشتراك الجيم في [LOCATION]
sports,أين تقام الدورات الرمضانية في [LOCATION]
sports,ما هو أقوى نادي كرة قدم في [LOCATION]
sports,كم عدد أندية الدوري في [LOCATION]
sports,الرياضات الموجودة في [LOCATION]
sports,البطولات التي تقام في [LOCATION]
sports,سباق الخيل في [LOCATION]
sports,سباق الهجن في [LOCATION]
sports,كيف اهتمام [LOCATION] بالرياضة؟
sports,وين في أماكن للمشي بالصيف في [LOCATION]؟
sports,وين أحسن جم ب[LOCATION]؟
sports,وين بلاقي تدريب جمباز للبنات في [LOCATION]؟
sports,وين في تدريب كرة قدم للأولاد في [LOCATION]؟
sports,وين في مراكز سباحة حرة في [LOCATION]؟
weather,الصيف في [LOCATION]
weather,الشتاء في [LOCATION]
weather,الربيع في [LOCATION]
weather,الخريف في [LOCATION]
weather,كياش يتألقم سكان [LOCATION] مع المناخ ال[LOCATION]ي ؟
weather,كيفاش الطقس في [LOCATION] ؟
weather,ياخي بالحق الصيف في [LOCATION] يمتد أكثر من خمسة أشهر ؟
weather,ياخي تصب الأمطار في [LOCATION] ؟
weather,هل تهطل الأمطار على [LOCATION] بانتظام؟
weather,كيف أحافظ على سيارتي في صيف [LOCATION]؟
weather,متى يبدأ موسم الشتاء في [LOCATION]؟
weather,ما الملابس الملائمة للشتاء في [LOCATION]؟
weather,ما سبب الرطوبة العالية في [LOCATION]
weather,إلى متى يستمر هطول الأمطار في دولة [LOCATION]
weather,ما هو أجمل فصل في دولة [LOCATION]
weather,هل تنزل الثلوج في فصل الشتاء في [LOCATION]؟
weather,هل هناك فصل ربيع في [LOCATION]
weather,ما هو أطول فصول السنة في [LOCATION]
weather,الجو في [LOCATION]
weather,كم تصل الرطوبة في [LOCATION]؟
weather,أقل درجة حرارة في [LOCATION]
weather,كيف طبيعة الطقس بالصيف في [LOCATION]؟
weather,كيف طبيعة الطقس بالشتاء في [LOCATION]؟
weather,إيمتى بكون الجو منيح لزيارة [LOCATION]؟
weather,هل الجو ب[LOCATION] بحتاج تشغيل مكيفات طول السنة؟
weather,هل في ثلوج بالشتاء ب[LOCATION]؟
weather,هل بتمطر في [LOCATION]؟
cloths,اللباس التقليدي للنساء في [LOCATION]
cloths,اللباس التقليدي للرجال في [LOCATION]
cloths,البشت ال[LOCATION]ي
cloths,العباية ال[LOCATION]ية
cloths,قوانين اللباس في [LOCATION]
cloths,الشماغ ال[LOCATION]ي
cloths,العقال ال[LOCATION]ي
cloths,الثوب ال[LOCATION]ي
cloths,ثوب النشل ال[LOCATION]ي
cloths,البطولة ال[LOCATION]ية
cloths,تصاميم مجوهرات [LOCATION]ية
cloths,الغترة ال[LOCATION]ية
cloths,البخنق ال[LOCATION]ي
cloths,كيفاش الزي الرسمي للرجال في [LOCATION] ؟
cloths,كيفاش الزي الرسمي للنساء في [LOCATION] ؟
cloths, تشتهر الملابس النسائية ال[LOCATION]ية بتصاميمها الفريدة؟
cloths,ماهو اللباس التقليدي ال[LOCATION]ي في الأفراح؟
cloths,من أين أشتري عباءة [LOCATION]ية بسعر مناسب؟
cloths,ما أفضل أماكن التسوق للملابس الشعبية ب[LOCATION]؟
cloths,ما مميزات الثوب التقليدي ال[LOCATION]ي؟
cloths,ما الفرق بين الغترة ال[LOCATION]ية وغتر الدول الأخرى؟
cloths,ماذا يعني البشت ال[LOCATION]ي
cloths,ما هو شكل العقال في [LOCATION]
cloths,ما هو الصندل في [LOCATION]
cloths,ما هو شكل الزي التقليدي في [LOCATION]
cloths,ما هو اللباس التقليدي للنساء في [LOCATION]
cloths,من أين يمكنني شراء الزي ال[LOCATION]ي
cloths,ما هو ثوب النشل ال[LOCATION]ي
cloths,هل يمنع اللبس القصير للأجنبي في [LOCATION]
cloths,هل الحجاب شرط أساسي في [LOCATION]؟
cloths,اللبس التقليدي في [LOCATION]
cloths,ماذا يسمى لبس ال[LOCATION]يين؟
cloths,هل الثوب هو اللبس ال[LOCATION]ي في [LOCATION]؟
cloths,شو قوانين اللباس في [LOCATION]؟
cloths,شو اللبس التقليدي للرجال والنساء في [LOCATION]؟
cloths,وين بلاقي عبايات [LOCATION]ية للنساء؟
cloths,من وين بقدر أشتري ثوب [LOCATION]ي أبيض وشماغ؟
tradition,تقاليد وعادات أهل [LOCATION]
tradition,الكرم ال[LOCATION]ي
tradition,نقصة رمضان في [LOCATION]
tradition,اللباس ال[LOCATION]ي التقليدي في [LOCATION] للرجال
tradition,اللباس ال[LOCATION]ي التقليدي في [LOCATION] للنساء
tradition,التقاليد ال[LOCATION]ية لرمضان
tradition,عادات الزفاف في [LOCATION]
tradition,الزواج في [LOCATION]
tradition,الاحتفالات التقليدية في [LOCATION]
tradition,الرقص التقليدي في [LOCATION]
tradition,العرضة في [LOCATION]
tradition,شنوما أبرز العادات ال[LOCATION]ية ؟
tradition,هل تحافظ [LOCATION] على العادات و التقاليد ؟
tradition,هل تتميز أفراح [LOCATION] بطابع خاص ؟
tradition,هل لدى [LOCATION] ثقافة الإختلاط في مناسباتهم ؟
tradition,متى يبدأ القرنقاعوه في [LOCATION]؟
tradition,كيف نشأ تقليد القرنقاعوه في [LOCATION]؟
tradition,هل القهوة العربية من العادات الأساسية في دولة [LOCATION]
tradition,ما هي طقوس وعادات الزواج في [LOCATION]
tradition,شكل اللباس التقليدي في [LOCATION]
tradition,ما هو البشت ال[LOCATION]ي
tradition,كيف حافظ أهل [LOCATION] على عاداتهم البدوية وتمسكهم بقيمهم رغم التطور الذي حدث
tradition,كيف كان موقف [LOCATION] من المثليين في كأس العالم
tradition,ما هي أشهر الرقصات ال[LOCATION]ية
tradition,لماذا يرمزالسيف في الثقافة ال[LOCATION]ية
tradition,لماذا يرتدي ال[LOCATION]يين الجلابية دائماََ
tradition,العادات ال[LOCATION]ية
tradition,اللبس التقليدي ال[LOCATION]ي للنساء
tradition,اللبس التقليدي ال[LOCATION]ي للرجال
tradition,كيف عادات الأعراس في [LOCATION]؟
tradition,كيف عادات أهل [LOCATION] بالأعياد؟
tradition,كيف عادات أهل [LOCATION] برمضان؟
tradition,شو ألبس لعزيمة عند ناس [LOCATION]يين؟
tradition,شو اللباس ال[LOCATION]ي التقليدي للرجال والنساء؟
food_drinks,مأكولات شعبية [LOCATION]
food_drinks,مأكولات شعبية في [LOCATION]
food_drinks,مطاعم [LOCATION]ية [LOCATION]
food_drinks,مطاعم إيطالية [LOCATION]
food_drinks,كافيه [LOCATION]
food_drinks,قهوة [LOCATION]
food_drinks,أماكن راقية للأكل [LOCATION]
food_drinks,مطعم مع إطلالة على البحر في [LOCATION]
food_drinks,أنواع المأكولات في [LOCATION]
food_drinks,حلويات تقليدية في [LOCATION]
food_drinks,حلويات شعبية في [LOCATION]
food_drinks,مطاعم متخصصة في الأكل ال[LOCATION]ي
food_drinks,شراء الكحول في [LOCATION]
food_drinks,أفضل مطعم لبناني في [LOCATION]
food_drinks,مطاعم تركية في [LOCATION]
food_drinks,أسواق خضروات في [LOCATION]
food_drinks,أفضل مجمع تجاري للتسوق للعائلة في [LOCATION]
food_drinks,شنوما الأكلات الشعبية ال[LOCATION]ية ؟
food_drinks,هل طورت [LOCATION] أو غيرت أكلاتها الشعبية بسبب تلاقح الحضارات ؟
food_drinks,شنيا أحسن أكلة [LOCATION]ية ؟
food_drinks,هل المأكولات ال[LOCATION]ية تعد حارة ؟
food_drinks,أين أجد الأطعمة والمشروبات المصنوعة محليًا ب[LOCATION]؟
food_drinks,ما المطاعم ال[LOCATION]ية التي تقدم مأكولات شعبية؟
food_drinks,أبحث عن مطاعم [LOCATION]ية محلية توفر توصيلًا مجانيًا
food_drinks,من أين أشتري المواد الغذائية بكميات عائلية في [LOCATION]؟
food_drinks,ما هي أكثر أكلة شعبية في [LOCATION]
food_drinks,ما هي أكثر المطابخ التي يفضلها ال[LOCATION]يين
food_drinks,ما معنى المجبوس في [LOCATION]
food_drinks,ما هو أفخم مطعم في [LOCATION]
food_drinks,ما هو أرخص مطعم في [LOCATION]
food_drinks,مطاعم تقدم بوفيه مفتوح في [LOCATION]
food_drinks,ما هو شراب الكرك في [LOCATION]
food_drinks,أفضل مكان يقدم شاي الكرك في [LOCATION]
food_drinks,أين توجد المطاعم السودانية في [LOCATION]
food_drinks,مأكولات [LOCATION]ية
food_drinks,ما هي اشهر المأكولات الشعبية ال[LOCATION]ية؟
food_drinks,مطعم شعبي [LOCATION]ي
food_drinks,صور اكل [LOCATION]ي
food_drinks,وين بلاقي مطعم بقدم أكل شعبي [LOCATION]ي؟
food_drinks,وين أحسن مطعم شاورما ب[LOCATION]؟
food_drinks,وين بلاقي حمص وفلافل في [LOCATION]؟
food_drinks,وين بلاقي حلويات أردنية في [LOCATION]؟
travel,سياحة في [LOCATION]
travel,السياحة في [LOCATION]
travel,معالم سياحية في [LOCATION]
travel,متاحف في [LOCATION]
travel,حجز رحلة سياحية في [LOCATION]
travel,أبرزالمعالم السياحية في [LOCATION]
travel,أبرزالمعالم السياحية الرياضية في [LOCATION]
travel,أبرزالمعالم السياحية الثقافية في [LOCATION]
travel,أبرزالمعالم السياحية التاريخية في [LOCATION]
travel,الأمان في [LOCATION]
travel,فنادق فخمة في [LOCATION]
travel,مطاعم فخمة في [LOCATION]
travel,ملاعب في [LOCATION]
travel,ملاعب كرة قدم في [LOCATION]
travel,ملاعب تنس في [LOCATION]
travel,ملاعب غولف في [LOCATION]
travel,مسرح في [LOCATION]
travel,معرض فني في [LOCATION]
travel,أنشطة بحرية في [LOCATION]
travel,شواطئ في [LOCATION]
travel,موانئ في [LOCATION]
travel,أسواق في [LOCATION]
travel,مولات في [LOCATION]
travel,قوارب في [LOCATION]
travel,رحلة كروز إلى [LOCATION]
travel,حجز فندق في [LOCATION]
travel,حجز قارب في [LOCATION]
travel,موقع اللؤلؤة في [LOCATION]
travel,موقع كتارا في [LOCATION]
travel,مساجد [LOCATION]
travel,أجمل شاطئ لزيارته في [LOCATION]
travel,أفضل الأنشطة التي يمكنني ممارستها في [LOCATION] خلال الصيف
travel,الأنشطة العائلية في فيستفل [LOCATION]
travel,الأنشطة العائلية في [LOCATION] مول
travel,ملاعب بادل في [LOCATION]
travel,ركوب الجمال في [LOCATION]
travel,أنشطة في لوسيل [LOCATION]
travel,المترو في [LOCATION]
travel,المواصلات العامة في [LOCATION]
travel,تأجير سيارة في [LOCATION]
travel,تأجير تاكسي في [LOCATION]
travel,حجز كروة في [LOCATION]
travel,خدمة ليموزين في [LOCATION]
travel,تطبيقات حجز سيارة [LOCATION]
travel,تطبيقات طلبات [LOCATION]
travel,تطبيق توصيل [LOCATION]
travel,أشهر متاحف [LOCATION]
travel,أشهر حدائق [LOCATION]
travel,ونتر لاند في [LOCATION]
travel,جزيرة المها في [LOCATION]
travel,جزيرة البنانا في [LOCATION]
travel,مطعم إيراني في [LOCATION]
travel,مطعم هندي في [LOCATION]
travel,مطعم [LOCATION]ي في [LOCATION]
travel,مطعم إيطالي في [LOCATION]
travel,شنوما المعالم سياحية في [LOCATION] ؟
travel,كيفاش السياحة عموما في [LOCATION] ؟
travel,ياخي التنقل ساهل داخل [LOCATION] ؟
travel,كيفاش نلقى المعلومات على أهم المعالم السياحة في [LOCATION]؟
travel,هل توجد مراكز لتنظيم رحالات سياحية في [LOCATION] ؟
travel,ما هو أفضل وقت لشراء تذاكر الطيران على الخطوط ال[LOCATION]ية؟
travel,ما شروط استخراج الفيزا ل[LOCATION]؟
travel,كم مدة استخراج فيزا السياحة ال[LOCATION]ية؟
travel,ما هو أفضل وقت لزيارة [LOCATION]؟
travel,ما هي الأماكن السياحية في [LOCATION]
travel,أين موقع المتحف الوطني في [LOCATION]
travel,أين توجد جزيرة المها في [LOCATION]
travel,أين توجد جزيرة اللؤلؤة في [LOCATION]
travel,أين يوجد كورنيش [LOCATION]
travel,ماهو سعر تأجير سيارة في [LOCATION]
travel,أشهر الحدائق في [LOCATION]
travel,ماهو تطبيق طلب سيارة الأجرة في [LOCATION]
travel,أسعار الفنادق في [LOCATION]
travel,أماكن الصرافة وتغيير العملة في [LOCATION]
travel,كيفية استخراج فيزا سياحية في [LOCATION]
travel,هل بطاقة هيا سارية في [LOCATION]
travel,السفر إلى [LOCATION]
travel,السفر عبر الخطوط الجوية ال[LOCATION]ية
travel,متطلبات السفر الى [LOCATION]
travel,هل يستطيع اليمني دخول [LOCATION]؟
travel,كيف بقدر أحجز رحلة سياحية ل[LOCATION] من الأردن؟
travel,كيف أستعمل الميترو لنك في [LOCATION]؟
travel,كيف بقدر أطلب تكسي لباب بيتي في [LOCATION]؟
education,التسجيل في مدارس [LOCATION]
education,تسجيل الأطفال في مدارس [LOCATION]
education,متطلبات تسجيل طفل في مدرسة حكومية في [LOCATION]
education,طريقة تسجيل الأطفال في مدرسة حكومية في [LOCATION]
education,تسجيل الأطفال في مدارس [LOCATION] الخاصة
education,متطلبات تسجيل طفل في مدرسة خاصة في [LOCATION]
education,طريقة تسجيل الأطفال في مدرسة خاصة في [LOCATION]
education,مدارس خاصة في [LOCATION]
education,مدارس عالمية في [LOCATION]
education,أفضل جامعة في [LOCATION]
education,جامعة طب في [LOCATION]
education,جامعة هندسة في [LOCATION]
education,جامعة طب الأسنان في [LOCATION]
education,جامعة تكنولوجيا في [LOCATION]
education,وزارة التعليم في [LOCATION]
education,متطلبات التسجيل جامعة [LOCATION]
education,نسبة القبول في جامعة [LOCATION]
education,نسبة القبول في كلية الهندسة في [LOCATION]
education,نسبة القبول في كلية التربية في جامعة [LOCATION]
education,نسبة القبول في كلية الطب في [LOCATION]
education,نسبة القبول في كلية طب الأسنان في [LOCATION]
education,رسوم الدراسة [LOCATION]
education,رسوم الدراسة في مدرسة حكومية [LOCATION]
education,رسوم الدراسة في مدرسة نيوتن [LOCATION]
education,رسوم الدراسة في مدرسة خاصة في [LOCATION]
education,أفضل مدرسة حكومية في [LOCATION]
education,مدرسة خاصة في [LOCATION]
education,مدرسة جاليات في [LOCATION]
education,معلومات التواصل المدرسة الهندية في [LOCATION]
education,معلومات التواصل المدرسة الأردنية في [LOCATION]
education,معلومات التواصل المدرسة اللبنانية في [LOCATION]
education,معلومات التواصل المدرسة البنغالية في [LOCATION]
education,معلومات التواصل المدرسة السودانية في [LOCATION]
education,المدرسة اللبنانية في [LOCATION]
education,المدرسة البنغالية في [LOCATION]
education,لغة التدريس في جامعة [LOCATION]
education,لغة التدريس في جامعة [LOCATION] للتكنولوجيا
education,طريقة التسجيل في جامعة [LOCATION] للعلوم والتكنولوجيا
education,الجامعات المعترفة بها في [LOCATION]
education,نسبة القبول في جامعة [LOCATION] للتكنولوجيا
education,لغة التدريس في كلية الطب في [LOCATION]
education,كلية تمريض في [LOCATION]
education,نسبة القبول في كلية التمريض في [LOCATION]
education,تسجيل لامتحان آيلتس  [LOCATION]
education,تسجيل لامتحان سات [LOCATION]
education,درجة آيلتس لجامعة [LOCATION]
education,كيفاش نظام الدراسة في [LOCATION] ؟
education,ماهي أهم الجامعات الحكومية في [LOCATION] ؟
education,ماهي أهم الجامعات الخاصة في [LOCATION] ؟
education,من أي عمر تبدأ الدراسة في [LOCATION] ؟
education,هل يمكن الحصول على أكثر من اختصاص في الجامعات ال[LOCATION]ية ؟
education,هل توفر [LOCATION] منح جامعية للمقيمين ؟
education,هل الكليات في جامعة [LOCATION] معتمدة؟
education,شروط المنح الدراسية المقدمة من جامعة [LOCATION]
education,هل يمكن معادلة مواد من جامعة القاهرة مع مواد من جامعة [LOCATION]؟
education,ما هي أفضل جامعة في [LOCATION]
education,ما هي أفضل مدرسة في [LOCATION]
education,كم رسوم التسجيل في جامعة [LOCATION]
education,كم رسوم التسجيل في الابتدائي لغير المقيمين في [LOCATION]
education,موقع المدرسة السودانية في [LOCATION]
education,ما هي لغة التدريس في المدارس الحكومية في [LOCATION]
education,كم عدد الجامعات في [LOCATION]
education,كم رسوم الدراسة في المدارس الحكومية في [LOCATION]
education,كم رقم التواصل مع المدرسة السودانية في [LOCATION]
education,ما هي أرخص جامعة في [LOCATION]
education,ما هي لغة التدريس في الجامعات ال[LOCATION]ية
education,التعليم في [LOCATION]
education,انواع المدارس في [LOCATION]
education,المدارس الأجنبية في [LOCATION]
education,رسوم المدارس الخاصة في [LOCATION]
education,المنهج في مدارس [LOCATION]
education,شو أفضل مدرسة إنترناشونال للبنات في [LOCATION]؟
education,كيف بقدر أقدم على منحة لجامعة [LOCATION]؟
education,شو أفضل جامعة بتدرس طب في [LOCATION]؟
education,هل المدارس المستقلة أفضل من الخاصة في [LOCATION]؟
education,شو لغة التدريس بجامعات [LOCATION]؟
general,أفضل وقت لزيارة [LOCATION]
general,وقت الشروق في [LOCATION]
general,أقدم منطقة في [LOCATION]
general,الوزارة المسؤولة عن التعليم في [LOCATION]
general,الوزارة المسؤولة عن حماية المرأة والطفل في [LOCATION]
general,الوزارة المسؤولة عن السياسة الخارجية في [LOCATION]
general,النمو الاقتصادي في [LOCATION]
general,تطور دولة [LOCATION]
general,مرتبة [LOCATION] العالمية من ناحية الأمن والأمان
general,اهتمام [LOCATION] بالتعليم
general,سياسة [LOCATION] الداخلية
general,سياسة [LOCATION] الخارجية
general,حصار [LOCATION]
general,موقف [LOCATION] في الحصار
general,موقف [LOCATION] من حرب غزة
general,مساعدات [LOCATION]
general,حماية حقوق المقيمين في [LOCATION]
general,حماية حقوق المواطنين في [LOCATION]
general,مشاكل الكفالة في [LOCATION]
general,مشاكل العمالة في [LOCATION]
general,كيفاش تهت [LOCATION] بالتعليم ؟
general,كيفاش وصلت [LOCATION] للتطور هذا ؟
general,كيف ساندت [LOCATION] القضية الفلسطينة ؟
general,هل هناك حرية التعبير و إبداء الرأي في [LOCATION] ؟
general,ماهي مكانة المرأة في [LOCATION]؟
general,أين أجد ورشات نجارة في [LOCATION]؟
general,أين يمكنني تفصيل مكتبة خشبية في [LOCATION]؟
general,أين أجد محلات الأقمشة في [LOCATION]؟
general,ما الحرف اليدوية التي يمارسها ال[LOCATION]يون في الحاضر؟
general,لماذا تعتبر دولة [LOCATION] من أفضل الوجهات السياحية
general,كم تعتبر مرتبة [LOCATION] بين الدول الأكثر ثراء في العالم
general,لماذا دولة [LOCATION] الدولة الأكثر أمناََ في العالم
general,كيف نجحت دولة [LOCATION] في تنظيم كأس العالم
general,لماذا تعتبر دولة [LOCATION] واحدة من أكثر الدول نظاماََ في العالم
general,ما هو سبب تطور دولة [LOCATION] بهذه السرعة
general,ما هو النشيد الوطني لدولة [LOCATION]
general,متى نالت دولة [LOCATION] استقلالها
general,متى تأسست دولة [LOCATION]
general,من هو أول حاكم لدولة [LOCATION]
general,كم عدد الحكام الذين حكموا دولة [LOCATION]
general,ما هي أكثر الموارد التي تدر دخلا لدولة [LOCATION]
general,ما هو أكثر منتج تصدره دولة [LOCATION]
general,ما هو أكثر منتج تستورده دولة [LOCATION]
general,هل الدولة تقوم بدعم المواد الغذائية في [LOCATION]
general,هل الدولة تقوم بدعم الصحة والتعليم في [LOCATION]
general,ما سبب مشكلة [LOCATION] والإمارات
general,لماذا تعتبر دولة [LOCATION] من أعلى الدول رواتباََ في العالم
general,اكبر مول في [LOCATION]
general,اطول برج في [LOCATION]
general,متوسط الرواتب في [LOCATION]
general,متنزهات في [LOCATION]
general,وين في أسواق شعبية في [LOCATION]؟
general,هل [LOCATION] تعتبر آمنة؟
general,شو أقدم مول في [LOCATION]؟
general,وين في أماكن ترفيهية ب[LOCATION]؟
general,شو أفضل وقت بالسنة لزيارة [LOCATION]؟
general,كيف إجراءات الحصول على فيزا سياحية لزيارة [LOCATION]؟
religion,الدين في [LOCATION]
religion,كنائس في [LOCATION]
religion,المعابد في [LOCATION]
religion,الدين الرسمي في [LOCATION]
religion,معابد بوذية في [LOCATION]
religion,معابد هندوسية في [LOCATION]
religion,هل يمكنني ممارسة شعائر ديني بحرية في [LOCATION]؟
religion,ياخي في [LOCATION] فما حرية ممارسة الأديان؟
religion,هل توجد كنائس في [LOCATION] ؟
religion,كيفاش نشارك في مدرسة قرآنية في [LOCATION]؟
religion,هل توفر [LOCATION] دروس دينية ؟
religion,كيفاش تحتفل [LOCATION] بالأعياد الدينة ؟
religion,كم عدد الكنائس الموجودة في [LOCATION]؟
religion,هل هناك قيود على شعائري الدينية في [LOCATION]؟
religion,هل هناك تعليمات محددة للملابس في [LOCATION]؟
religion,هل يمكنني ممارسة شعائري الدينية علنًا في [LOCATION]؟
religion,ما هي الديانة الأكثر إنتشاراََ في [LOCATION]
religion,كم عدد الكنائس في [LOCATION]
religion,هل توجد معابد بوذية في [LOCATION]
religion,كم عدد المسلمين في [LOCATION]
religion,كم عدد المساجد في [LOCATION]
religion,كيف أصبح إمام مسجد في [LOCATION]
religion,هل توجد معابد هندوسية في [LOCATION]
religion,كم نسبة المسيحيين في [LOCATION]
religion,أين يوجد أكبر مسجد في [LOCATION]
religion,أماكن لتحفيظ القرآن الكريم في [LOCATION]
religion,التنوع الديني في [LOCATION]
religion,هل توجد كنائس في [LOCATION]؟
religion,المذهب المتبع في [LOCATION]
religion,كم نسبة المسلمين في [LOCATION]؟
religion,الشيعة في [LOCATION]
religion,شو الدين الرسمي في [LOCATION]؟
religion,هل بقدر أمارس ديني بحرية في [LOCATION]؟
religion,في كنائس في [LOCATION]؟
religion,وين في مراكز تحفيظ قرآن في [LOCATION]؟
animal,الحيوان الوطني [LOCATION]
animal,حيوانات [LOCATION]
animal,حديقة حيوان في [LOCATION]
animal,بعض حيوانات في [LOCATION]
animal,طيور [LOCATION]
animal,الصقور في [LOCATION]
animal,اقتناء حيوان أليف في [LOCATION]
animal,حدائق في [LOCATION] تسمح بدخول حيوانات أليفة
animal,حقوق الحيوان في [LOCATION]
animal,مؤسسة في [LOCATION] لرعاية الحيوانات
animal,التطوع لرعاية الحيوانات في [LOCATION]
animal,عيادات بيطرية في [LOCATION]
animal,البيطرية الحكومية في [LOCATION]
animal,رعاية المواشي في [LOCATION]
animal,دعم الحكومة لرعي المواشي في [LOCATION]
animal,الجمل في الثقافة ال[LOCATION]ية
animal,شراء المواشي في [LOCATION]
animal,شراء الأعلاف في [LOCATION]
animal,ماهي أنواع الحيونات البرية الموجودة في [LOCATION] ؟
animal,ماهي أنواع الحيوانات الأليفة التي تعيش في [LOCATION]؟
animal,ياخي فما محميات للحيوانات البرية في [LOCATION]؟
animal,هل توجد حدائق للحيوانات في [LOCATION]؟
animal,ياخي نجم ندور بقطة أو بكلب في شةارع [LOCATION] ؟
animal,هل توجد حديقة حيوانات ب[LOCATION]؟
animal,ما أشهر الطيور في [LOCATION]؟
animal,ما اسم الطائر المرسوم على الريال ال[LOCATION]ي؟
animal,ما قصة الطائر المرسوم على الريال ال[LOCATION]ي؟
animal,لماذا يفضل ال[LOCATION]يين الجمال ويقيمونها
animal,ماذا يسمى مضمار سباق الخيل في [LOCATION]
animal,أين توجد حديقة الحيوانات المائية في [LOCATION]
animal,هل توجد أسود في [LOCATION]؟
animal,لماذا هناك إهتمام بالصقور في [LOCATION]
animal,هل توجد أماكن لاقتناء حيوان أليف في [LOCATION]
animal,هل توجد جمعية لحقوق الحيوان في [LOCATION]
animal,ما هو أكثر حيوان موجود في [LOCATION]
animal,هل توجد رحلات صيد برية في [LOCATION]
animal,هل هناك غزلان في [LOCATION]
animal,الحيوانات الموجودة في [LOCATION]
animal,كيف تهتم [LOCATION] بالحيوانات
animal,ما هو الحيوان الوطني لدولة [LOCATION]؟
animal,أين يوجد المها في [LOCATION]؟
animal,بقدر أتبنى حيونات في [LOCATION]؟
animal,شو أحسن عيادة بيطرية في [LOCATION]؟
animal,إذا بدي أسافر وعندي قطة أليفة بالبيت، في مكان أتركها في ب[LOCATION]؟
animal,شو أكتر حيوان مشهور ب[LOCATION]؟
immigration,الاستقدام في [LOCATION]
immigration,التقديم على فيزا [LOCATION]ية
immigration,فلل للتأجير [LOCATION]
immigration,شقق للتأجير [LOCATION]
immigration,متطلبات تأشيرات [LOCATION]
immigration,عمل في [LOCATION]
immigration,التقديم على عمل في [LOCATION]
immigration,فلل لتأجير في اللؤلؤة في [LOCATION]
immigration,شقق للتأجير في [LOCATION]
immigration,وظائف في [LOCATION]
immigration,سكن عائلي في [LOCATION]
immigration,الفحص الطبي للعمل في [LOCATION]
immigration,الفحص الطبي لاستقدام عائلة في [LOCATION]
immigration,مستشفى الفحص الطبي للاستقدام في [LOCATION]
immigration,طريقة تقديم طلب للاستقدام إلى [LOCATION]
immigration,متطلبات استقدام عائلة إلى [LOCATION]
immigration,متطلبات العمل في [LOCATION]
immigration,عمل حكومي في [LOCATION]
immigration,عمل في القطاع الخاص في [LOCATION]
immigration,رسوم تجديد إقامة في [LOCATION]
immigration,رسوم تجديد إقامة عائلية في [LOCATION]
immigration,رسوم التقديم على فيزا في [LOCATION]
immigration,إجراءات شراء سيارة في [LOCATION]
immigration,إجراءات إيجار في [LOCATION]
immigration,رسوم الكهرباء في [LOCATION]
immigration,رسوم الماء في [LOCATION]
immigration,التملك في [LOCATION]
immigration,شراء بيت في [LOCATION]
immigration,شراء بيت للمقيمين في [LOCATION]
immigration,فرص استثمار في [LOCATION] للأجانب
immigration,فرص استثمار في [LOCATION]
immigration,متطلبات تغيير كفالة في [LOCATION]
immigration,تقديم على فيزا عمل في [LOCATION]
immigration,طريقة استقدام عاملة منزلية في [LOCATION]
immigration,طريقة استقدام سائق في [LOCATION]
immigration,استقدام عائلة للزيارة في [LOCATION]
immigration,كيفاش يكون كراء الشقق في [LOCATION] ؟
immigration,تأجير الفلل في مناطق راقية في [LOCATION]
immigration,ياخي يفرق السكن العائلي على سكن العمل في [LOCATION] ؟
immigration,كيفاش التقديم على فيزا للخدمة في [LOCATION] ؟
immigration,كيفاش يمكن الحصول على عقد عمل في [LOCATION] ؟
immigration,ماهي شروط الإستقدام في [LOCATION] ؟
immigration,هل الأيلتس مطلوب للسفر ل[LOCATION]؟
immigration,ما هي أنواع تأشيرات الدخول ل[LOCATION]؟
immigration,كيف أحصل على إقامة دائمة في [LOCATION]؟
immigration,كيفية التقديم للزيارة العائلية في [LOCATION]
immigration,مدة الزيارة العائلية في [LOCATION]
immigration,شروط الزيارة العائلية في [LOCATION]
immigration,كيفية الحصول على إقامة في [LOCATION]
immigration,أسعار شقق الإيجار في [LOCATION]
immigration,أرخص شقق إيجار في [LOCATION]
immigration,هل يمكنني شراء بيت في [LOCATION]
immigration,شروط عقود بيع العقارات في [LOCATION]
immigration,كيفية الحصول على فيزا [LOCATION]
immigration,كم رسوم الزيارة العائلية في [LOCATION]
immigration,كم رسوم تجديد الجواز في السفارة السودانية في [LOCATION]
immigration,كم رسوم توثيق الشهادة الدراسية في السفارة السودانية في [LOCATION]
immigration,كم رسوم الفحص الطبي في [LOCATION]
immigration,ماذا احتاج لدخول [LOCATION]؟
immigration,كيف اطلع فيزا لدخول [LOCATION]؟
immigration,هل ممكن ان ياخذ اليمني فيزا سياحية الى [LOCATION]؟
immigration,ماذا احتاج للحصول على اقامة داخل [LOCATION]؟
immigration,وين بنعمل الفحص الطبي للاستقدام في [LOCATION]؟
immigration,شو متطلبات استقدام مولود جديد انولد خارج [LOCATION]؟
immigration,كيف بقدر أحصل إقامة [LOCATION]ية؟
immigration,شو متطلبات نقل الكفالة في [LOCATION]؟
plants,نبات السدر في [LOCATION]
plants,النباتات الصحراوية في [LOCATION]
plants,أكثر نبات منتشر في [LOCATION]
plants,النباتات الدخيلة على بيئة [LOCATION]
plants,النباتات المناسبة لمناخ [LOCATION]
plants,النباتات التي يمكن زراعتها في البيت في [LOCATION]
plants,الحدائق القرآنية في [LOCATION]
plants,فوائد بعض النباتات ال[LOCATION]ية
plants,مواقع لمشاهدة النباتات الصحراوية في [LOCATION]
plants,المحميات النباتية في [LOCATION]
plants,اهتمام [LOCATION] بالزراعة
plants,اهتمام [LOCATION] بالنباتات الصحراوية ال[LOCATION]ية
plants,الجهة المسؤولة عن حماية البيئة في [LOCATION]
plants,قوانين [LOCATION] المتعلقة بحماية البيئة
plants,أعطني الاسماء العلمية لبعض النباتات في [LOCATION].
plants,ماهي الباتات التي تعيش في مناخ [LOCATION] ؟
plants,هل هناك نباتات صحروية في [LOCATION] ؟
plants,هل تهتم [LOCATION] بالبستنة  ؟
plants,احتضنت [LOCATION]المعرض الدولي للبستنة إكسبو 2023
plants,هل تهتم [LOCATION] بالدراسات الزراعية العلمية ؟
plants,تعتمد [LOCATION] على تكنولوجيات جديدة في الزراعة مثل تكنولوجيا الزراعة بدون تربة
plants,ما النباتات التي تتحمل الحر في [LOCATION]؟
plants,ما اسم نبتة الريحان بال[LOCATION]ي؟
plants,كيف أتواصل مع بلدية [LOCATION] لإزالة النباتات الضارة؟
plants,أفضل المشاتل في [LOCATION]
plants,هل تنمو النباتات في بيئة [LOCATION] الزراعية
plants,هل تربة [LOCATION] صالحة للزراعة
plants,ما هي أكثر زراعة ناجحة في [LOCATION]
plants,هل يمكن زراعة البصل في [LOCATION]
plants,ما هي النباتات الصحراوية في [LOCATION]
plants,ما هي الجهة المسؤولة عن البيئة في [LOCATION]
plants,أنواع النباتات في [LOCATION]
plants,نبات السدر [LOCATION]
plants,شو النباتات المشهورة في [LOCATION]؟
plants,شو في نباتات بقدر أزرعها برا وما تموت بالصيف في [LOCATION]؟
plants,شو اسم الجهة المسؤولة عن حماية البيئة في [LOCATION]؟
plants,شو أحسن وقت بالسنة للزراعة في [LOCATION]؟
business,افتتاح شركة في [LOCATION]
business,تجارة في [LOCATION]
business,دراسة التجارة في [LOCATION]
business,تمويل مشروع تجاري في [LOCATION]
business,أنشطة تجارية مطلوبة في [LOCATION]
business,مشاريع عقارية مميزة في [LOCATION]
business,كيفاش نحل مشروع في [LOCATION] ؟
business,[LOCATION] بلد الإستثمارات
business,هل توفر [LOCATION] مساعدات لأصحاب المشاريع الصغرى ؟
business,شنيا الشروط الي حطتها [LOCATION] كيف بش نحل مشروع ؟
business,من أين أشتري الورد الصناعي بالجملة في [LOCATION]؟
business,ما حقوق حماية أصحاب المشاريع المنزلية في [LOCATION]؟
business,ما هي أكثر تجارة ناجحة في [LOCATION]
business,ما هو أفضل مشروع تجاري برأس مال بسيط في [LOCATION]
business,كيف هو سوق تجارة العقارات في [LOCATION]
business,هل يمكنني أخذ قرض من البنك لتمويل مشروع تجاري في [LOCATION]
business,هل صحيح أنني سأحتاج إلى شريك [LOCATION]ي لبدء مشروع تجاري في [LOCATION]
business,الاشغال في [LOCATION]
business,هل يستطيع المقيم فتح مشروع خاص ب[LOCATION]؟
business,متطلبات فتح مشروع في [LOCATION]
business,كيف احصل على عمل في [LOCATION]؟
business,الاشغال المتوفرة في [LOCATION].
business,فرص عمل في [LOCATION]
business,كيف بقدر افتح مشروع منزلي في [LOCATION]؟
business,شو متطلبات الحصول على رخصة منزلية لعمل مشروع منزلي في [LOCATION]؟
business,هل المقيم بقدر يفتح شركة في [LOCATION]؟
business,شو في مشاريع بحاجتها [LOCATION] حاليًا؟
literature,دار نشرية [LOCATION]ية
literature,طريقة نشر كتاب في [LOCATION]
literature,كتاب [LOCATION]يين
literature,كتاب عن [LOCATION]
literature,اهتمام [LOCATION] بالأدب العربي
literature,دراسة الأداب العربي في [LOCATION]
literature,معارض كتب في [LOCATION]
literature,أبرز المكاتب ال[LOCATION]ية
literature,مكتبة [LOCATION] الوطنية
literature,كتب أثرية قديمة في [LOCATION]
literature,ماهي أهم دور النشر في [LOCATION] ؟
literature,هل هناك معارض للكتاب في [LOCATION] ؟
literature,تنظم [LOCATION] معارض دولية و محلية للكتاب
literature,هل تهتم [LOCATION] بالمطالعة ؟
literature,ماهي أهم الجرائد في [LOCATION] ؟
literature,من هم الأدباء ال[LOCATION]يون؟
literature,كيف أنشر رواية بدار نشر [LOCATION]ية؟
literature,من أقدم كاتب [LOCATION]ي؟
literature,رواية أدبية عن تاريخ [LOCATION]
literature,أين تقع مكتبة [LOCATION] الوطنية
literature,كم كتاب يوجد في مكتبة [LOCATION] الوطنية
literature,من هو أشهر كاتب [LOCATION]ي
literature,ما هي أشهر الكتب ال[LOCATION]ية
literature,من هو أشهر مؤلف في [LOCATION]
literature,كيف تم الاهتمام بالادب العربي في [LOCATION]
literature,كيف أنشر كتاب في [LOCATION]
literature,أين تقع دار النشر ال[LOCATION]ية
literature,أين توجد معارض الكتب في [LOCATION]
literature,الشعر في [LOCATION]
literature,الاهتمام بالأدب في [LOCATION]
literature,كتب عن الثقافة ال[LOCATION]ية
literature,شعراء [LOCATION]يين
literature,كيف بقدر أنشر كتاب في [LOCATION] كمقيم؟
literature,كيف إجراءات استقراض كتب من مكتبة [LOCATION] الوطنية؟
literature,وين في مكتبات ب[LOCATION] غير مكتبة [LOCATION] الوطنية؟
literature,وين في مكتبة للأطفال في [LOCATION]؟
literature,شو أفضل جامعة لدراسة الأدب في [LOCATION]؟
geography,جبال في [LOCATION]
geography,التلال في [LOCATION]
geography,مزارع في [LOCATION]
geography,طبيعة الأرض في [LOCATION]
geography,الكثبان الرملية في [LOCATION]
geography,السبخات في [LOCATION]
geography,شواطئ [LOCATION]
geography,هل هناك مناطق خضراء في [LOCATION] ؟
geography,كيفاش البحر في [LOCATION] ؟
geography,ياخي فما غابات نخيل في [LOCATION] ؟
geography,كيفاش الطبيعة في [LOCATION] ؟
geography,هل توجد مناطق جبلية في [LOCATION] ؟
geography,ما المعالم الجغرافية لبيئة [LOCATION]؟
geography,هل توجد جبال ب[LOCATION]؟
geography,أين تقع دولة [LOCATION]
geography,ما سبب طبيعية الأرض الصحراوية في [LOCATION]
geography,هل توجد جبال في [LOCATION]
geography,أين توجد الكثبان الرملية في [LOCATION]
geography,هل يمكن إستخراج الذهب في أرض [LOCATION]
geography,كم شاطئ يوجد في [LOCATION]
geography,ما هو أجمل شواطئ [LOCATION]
geography,ما هي البحار والمحيطات والخلجان التي تحيط بدولة [LOCATION]
geography,ما هي الدول التي لديها حدود مع [LOCATION]
geography,عدد سكان [LOCATION]
geography,حدود دولة [LOCATION]
geography,طبيعة [LOCATION]
geography,المناخ في [LOCATION]
geography,كم أعلى درجة حرارة في [LOCATION]؟
geography,كم مساحة [LOCATION]؟
geography,وين في شواطئ رملية في [LOCATION]؟
geography,في جبال في [LOCATION]؟
geography,هل [LOCATION] طبيعتها صحراوية؟
geography,وين في مزارع ب[LOCATION]؟
language,اللغة الرسمية في [LOCATION]
language,تعلم العربية [LOCATION]
language,تعلم لغات في [LOCATION]
language,أكثر اللغات استخدامًا في [LOCATION]
language,تعلم اللغة العربية في [LOCATION]
language,معاهد للغات في [LOCATION]
language,أين يمكنني تعلم اللغة الإسبانية في [LOCATION]
language,التواصل باستخدام اللغة الإنجليزية في [LOCATION]
language,شنيا اللغة الرسمية في [LOCATION] ؟
language,هل هناك شركات في [LOCATION] تتعامل باللغة الفرنسية ؟
language,ماهي اللغة الثانية في [LOCATION] ؟
language,ياخي فما معاهد تعليم لغات في [LOCATION] ؟
language,ما اللغة المستخدمة على لوحات الطريق في [LOCATION]؟
language,كيف أتعلم اللغة العربية في [LOCATION]؟
language,ما معاهد التدريب على الأيلتس المتاحة في [LOCATION]؟
language,ما لغة التدريس في المدارس ال[LOCATION]ية؟
language,ما هي أكثر اللغات تحدثاََ في [LOCATION]
language,هل اللغة الإنجليزية مطلوبة في [LOCATION]
language,هل اللغة الإنجليزية مطلوبة في الشرطة ال[LOCATION]ية
language,أين يمكنني تعلم اللغة الانجليزية في [LOCATION]
language,كم سعر دورات تعلم اللغة الانجليزية في [LOCATION]
language,أين يمكنني تعلم اللغة الفرنسية في [LOCATION]
language,أين يمكنني تعلم اللغة الهندية في [LOCATION]
language,ما هي اللغة الأساسية في المدارس ال[LOCATION]ية
language,اللغة الرسمية لدولة [LOCATION]
language,اللغة التي تدرس في مدارس [LOCATION]
language,عدد اللغات المستخدمة في [LOCATION]
language,اللغة المستخدمة في التدريس في جامعة [LOCATION]
language,شو اللغة الرسمية في [LOCATION]؟
language,وين بقدر أتعلم لغات مختلفة في [LOCATION]؟
language,وين في مراكز لتحسين المحادثة بالإنجليزي في [LOCATION]؟
language,شو لغة التدريس بالمدارس الحكومية في [LOCATION]؟
language,شو اللغة اللي بتكلموا فيها المربيات بالحضانات في [LOCATION]؟
